Chapter_Number,Chapter_Title_KN,Chapter_Title_EN,Page_Range,Kannada_Term,English_Term,Transliteration,Category,Importance_Level,Frequency_in_Chapter,Kannada_Definition,English_Definition,Example_KN,Example_EN,Mnemonic_or_Tip
1,ವರ್ಗ ಮತ್ತು ಘನ,Squares and Cubes,pp. 19-38,ವರ್ಗ,Square,Varga,Arithmetic & Powers,Core / Essential,163,ಒಂದು ಸಂಖ್ಯೆಯನ್ನು ಅದೇ ಸಂಖ್ಯೆಯಿಂದ ಗುಣಿಸಿದಾಗ ಬರುವ ಗುಣಲಬ್ಧ.,"The result obtained by multiplying a number by itself (e.g., n × n = n²).",5 ರ ವರ್ಗ 25 (5² = 25).,The square of 5 is 25 (5² = 25).,Think of a geometric 'Square' with equal sides: Area = side × side.
1,ವರ್ಗ ಮತ್ತು ಘನ,Squares and Cubes,pp. 19-38,ಘನ,Cube,Ghana,Arithmetic & Powers,Core / Essential,87,ಒಂದು ಸಂಖ್ಯೆಯನ್ನು ಮೂರು ಬಾರಿ ಅದೇ ಸಂಖ್ಯೆಯಿಂದ ಗುಣಿಸಿದಾಗ ಬರುವ ಗುಣಲಬ್ಧ.,"The product of a number multiplied by itself three times (e.g., n × n × n = n³).",4 ರ ಘನ 64 (4³ = 64).,The cube of 4 is 64 (4³ = 64).,Think of a 3D 'Cube' block: Volume = length × width × height.
1,ವರ್ಗ ಮತ್ತು ಘನ,Squares and Cubes,pp. 19-38,ಅಪವರ್ತನ,Factor / Divisor,Apavartana,Divisibility & Factors,Core / Essential,67,ಕೊಟ್ಟಿರುವ ಸಂಖ್ಯೆಯನ್ನು ಶೇಷವಿಲ್ಲದೆ (ನಿಶ್ಶೇಷವಾಗಿ) ಭಾಗಿಸುವ ಸಂಖ್ಯೆ.,A whole number that divides another number exactly without leaving a remainder.,"12 ರ ಅಪವರ್ತನಗಳು 1, 2, 3, 4, 6, 12.","The factors of 12 are 1, 2, 3, 4, 6, and 12.",Factors are whole parts that multiply to build the number.
1,ವರ್ಗ ಮತ್ತು ಘನ,Squares and Cubes,pp. 19-38,ವರ್ಗಮೂಲ,Square Root,Vargamoola,Arithmetic & Powers,Core / Essential,37,ಯಾವ ಸಂಖ್ಯೆಯನ್ನು ತನ್ನಷ್ಟಕ್ಕೆ ತಾನೇ ಗುಣಿಸಿದಾಗ ಕೊಟ್ಟಿರುವ ಸಂಖ್ಯೆ ದೊರೆಯುತ್ತದೆಯೋ ಆ ಸಂಖ್ಯೆ (√ ಸಂಕೇತ).,"A factor of a number that, when multiplied by itself, gives the original number (symbol √).",49 ರ ವರ್ಗಮೂಲ 7 (√49 = 7).,The square root of 49 is 7 (√49 = 7).,'Root' means the origin/base number that grew into the square.
1,ವರ್ಗ ಮತ್ತು ಘನ,Squares and Cubes,pp. 19-38,ಬೆಸ ಸಂಖ್ಯೆ,Odd Number,Besa Sankhye,Arithmetic,Core / Essential,35,"2 ರಿಂದ ನಿಶ್ಶೇಷವಾಗಿ ಭಾಗವಾಗದ ಪೂರ್ಣಾಂಕಗಳು (1, 3, 5, 7, 9...).",An integer that cannot be divided evenly by 2.,ಮೊದಲ n ಬೆಸ ಸಂಖ್ಯೆಗಳ ಮೊತ್ತ n² ಆಗಿರುತ್ತದೆ.,The sum of the first n odd numbers is always n².,"Odd numbers always end with 1, 3, 5, 7, or 9."
1,ವರ್ಗ ಮತ್ತು ಘನ,Squares and Cubes,pp. 19-38,ಪರಿಪೂರ್ಣ ವರ್ಗ,Perfect Square,Paripoorna Varga,Arithmetic & Powers,Core / Essential,34,"ಒಂದು ಪೂರ್ಣಾಂಕದ ವರ್ಗವಾಗಿರುವ ಸಂಖ್ಯೆ (ಉದಾ: 1, 4, 9, 16, 25...).",An integer that is the square of another integer.,36 ಒಂದು ಪರಿಪೂರ್ಣ ವರ್ಗ ಏಕೆಂದರೆ 6 × 6 = 36.,36 is a perfect square because 6 × 6 = 36.,Dots of a perfect square can always form an exact square grid.
1,ವರ್ಗ ಮತ್ತು ಘನ,Squares and Cubes,pp. 19-38,ಚೌಕ / ಸಮಚತುರ್ಭುಜ,Square (Geometry),Chowka / Samachaturbhuja,Geometry,Core / Essential,17,"ನಾಲ್ಕೂ ಬಾಹುಗಳು ಸಮನಾಗಿದ್ದು, ಎಲ್ಲಾ ಕೋನಗಳು 90° ಆಗಿರುವ ಸಮ ನಿಯಮಿತ ಚತುರ್ಭುಜ.",A regular quadrilateral with four equal sides and four right angles (90°).,ಚೌಕದ ಕರ್ಣಗಳು ಲಂಬವಾಗಿ ಪರಸ್ಪರ ಅರ್ಧಿಸುತ್ತವೆ.,The diagonals of a square bisect each other at right angles (perpendicularly).,All 4 sides equal and all 4 angles 90°.
1,ವರ್ಗ ಮತ್ತು ಘನ,Squares and Cubes,pp. 19-38,ಕ್ರಮಾನುಗತ ಸಂಖ್ಯೆಗಳು,Consecutive Numbers,Kramaanugata Sankhyegalu,Number Patterns,Core / Essential,15,"ಯಾವುದೇ ಅಂತರವಿಲ್ಲದೆ ಒಂದರ ನಂತರ ಒಂದರಂತೆ ಸತತವಾಗಿ ಬರುವ ಸಂಖ್ಯೆಗಳು (ಉದಾ: n, n+1, n+2...).","Numbers that follow each other in order, without gaps, from smallest to largest.","7, 8, 9 ಕ್ರಮಾನುಗತ ಸಂಖ್ಯೆಗಳಾಗಿವೆ.","7, 8, 9 are consecutive integers.",Consecutive = in continuous sequence (step by step).
1,ವರ್ಗ ಮತ್ತು ಘನ,Squares and Cubes,pp. 19-38,ಶೂನ್ಯ,Zero,Shoonya,Number Systems,Core / Essential,12,ಏನೂ ಇಲ್ಲದಿರುವುದನ್ನು ಅಥವಾ ಸ್ಥಾನ ಹಿಡುಕವನ್ನು (place holder) ಸೂಚಿಸುವ ಮಹತ್ವದ ಗಣಿತೀಯ ಸಂಕೇತ.,"The integer denoting nothingness or nullity, acting as a crucial place holder in positional systems.",ಭಾರತೀಯ ಗಣಿತಜ್ಞ ಬ್ರಹ್ಮಗುಪ್ತರು ಶೂನ್ಯದ ಗಣಿತೀಯ ನಿಯಮಗಳನ್ನು ನಿರೂಪಿಸಿದರು.,Indian mathematician Brahmagupta formulated the arithmetic rules of zero.,Zero is both a number and a place-holder placeholder.
1,ವರ್ಗ ಮತ್ತು ಘನ,Squares and Cubes,pp. 19-38,ಘನಮೂಲ,Cube Root,Ghanamoola,Arithmetic & Powers,Core / Essential,11,ಯಾವ ಸಂಖ್ಯೆಯನ್ನು ಮೂರು ಬಾರಿ ಗುಣಿಸಿದಾಗ ಕೊಟ್ಟಿರುವ ಸಂಖ್ಯೆ ದೊರೆಯುತ್ತದೆಯೋ ಆ ಸಂಖ್ಯೆ (∛ ಸಂಕೇತ).,"A number that, when multiplied by itself three times, yields the original number (symbol ∛).",125 ರ ಘನಮೂಲ 5 (∛125 = 5).,The cube root of 125 is 5 (∛125 = 5).,'Cube Root' finds the side length of a cube from its volume.
1,ವರ್ಗ ಮತ್ತು ಘನ,Squares and Cubes,pp. 19-38,ಪರಿಪೂರ್ಣ ಘನ,Perfect Cube,Paripoorna Ghana,Arithmetic & Powers,Core / Essential,11,"ಒಂದು ಪೂರ್ಣಾಂಕದ ಘನವಾಗಿರುವ ಸಂಖ್ಯೆ (ಉದಾ: 1, 8, 27, 64, 125...).",An integer that is the cube of another integer.,27 ಒಂದು ಪರಿಪೂರ್ಣ ಘನ ಏಕೆಂದರೆ 3 × 3 × 3 = 27.,27 is a perfect cube because 3 × 3 × 3 = 27.,Cubes can be stacked into a solid 3D cubic block without leftovers.
1,ವರ್ಗ ಮತ್ತು ಘನ,Squares and Cubes,pp. 19-38,ವಿಸ್ತೀರ್ಣ / ಕ್ಷೇತ್ರಫಲ,Area,Visteerna / Kshetraphala,Mensuration,Core / Essential,11,ಸಮತಲ ಆಕೃತಿಯು ಆವರಿಸಿರುವ ಒಟ್ಟು ಜಾಗ ಅಥವಾ ಮೇಲ್ಮೈಯ ಅಳತೆ (ಚದರ ಏಕಮಾನಗಳಲ್ಲಿ).,The measurement of the surface extent enclosed within a 2D boundary (expressed in square units).,ಆಯತದ ವಿಸ್ತೀರ್ಣ = ಉದ್ದ × ಅಗಲ (Area = l × b).,Area of rectangle = length × breadth (l × b).,Area = Number of 1x1 unit square tiles needed to cover a surface.
1,ವರ್ಗ ಮತ್ತು ಘನ,Squares and Cubes,pp. 19-38,ಅವಿಭಾಜ್ಯ ಅಪವರ್ತನೀಕರಣ,Prime Factorization,Avibhaajya Apavartaneekarana,Number Theory,Core / Essential,9,ಒಂದು ಸಂಖ್ಯೆಯನ್ನು ಅದರ ಅವಿಭಾಜ್ಯ ಸಂಖ್ಯೆಗಳ ಗುಣಲಬ್ಧವಾಗಿ ವ್ಯಕ್ತಪಡಿಸುವ ವಿಧಾನ.,Expressing a composite number as a product of its prime factors.,36 ರ ಅವಿಭಾಜ್ಯ ಅಪವರ್ತನೀಕರಣ = 2 × 2 × 3 × 3 = 2² × 3².,Prime factorization of 36 = 2 × 2 × 3 × 3 = 2² × 3².,Breaks down a number into its fundamental prime 'building blocks'.
1,ವರ್ಗ ಮತ್ತು ಘನ,Squares and Cubes,pp. 19-38,ಸಮ ಸಂಖ್ಯೆ,Even Number,Sama Sankhye,Arithmetic,Core / Essential,8,"2 ರಿಂದ ನಿಶ್ಶೇಷವಾಗಿ ಭಾಗವಾಗುವ ಪೂರ್ಣಾಂಕಗಳು (0, 2, 4, 6, 8...).",An integer that is divisible by 2 without leaving a remainder.,ಸಮ ಸಂಖ್ಯೆಯ ವರ್ಗವು ಯಾವಾಗಲೂ ಸಮ ಸಂಖ್ಯೆಯಾಗಿರುತ್ತದೆ.,The square of an even number is always an even number.,Even numbers can be paired up equally.
1,ವರ್ಗ ಮತ್ತು ಘನ,Squares and Cubes,pp. 19-38,ಪೈಥಾಗೋರಸ್ ತ್ರಿವಳಿಗಳು,Pythagorean Triplets,Pythagoras Trivaligalu,Geometry & Number Theory,Core / Essential,0,"a² + b² = c² ಸಂಬಂಧವನ್ನು ತೃಪ್ತಿಪಡಿಸುವ ಮೂರು ಧನಾತ್ಮಕ ಪೂರ್ಣಾಂಕಗಳ ಗುಂಪು (a, b, c).","A set of three positive integers (a, b, c) such that a² + b² = c².","(3, 4, 5) ಒಂದು ಪೈಥಾಗೋರಸ್ ತ್ರಿವಳಿ, ಏಕೆಂದರೆ 3² + 4² = 9 + 16 = 25 = 5².","(3, 4, 5) is a Pythagorean triplet because 3² + 4² = 5².",Forms the sides of a right-angled triangle!
1,ವರ್ಗ ಮತ್ತು ಘನ,Squares and Cubes,pp. 19-38,ತ್ರಿಕೋನ ಸಂಖ್ಯೆಗಳು,Triangular Numbers,Trikoana Sankhyegalu,Number Patterns,Important,5,"ಬಿಂದುಗಳನ್ನು ಸಮಬಾಹು ತ್ರಿಕೋನದ ಆಕಾರದಲ್ಲಿ ಜೋಡಿಸಿದಾಗ ಸಿಗುವ ಸಂಖ್ಯೆಗಳು: 1, 3, 6, 10, 15...",Numbers that can be represented as an equilateral triangular grid of dots: T_n = n(n+1)/2.,4 ನೇ ತ್ರಿಕೋನ ಸಂಖ್ಯೆ = 1 + 2 + 3 + 4 = 10.,The 4th triangular number is 1 + 2 + 3 + 4 = 10.,Two consecutive triangular numbers always add up to a square number!
2,ಘಾತಾಂಕಗಳ ಆಟ,Playing with Exponents and Powers,pp. 39-69,ಘಾತ,Power,Ghaata,Exponents & Powers,Core / Essential,106,ಆಧಾರ ಸಂಖ್ಯೆ ಮತ್ತು ಘಾತಾಂಕವನ್ನು ಒಳಗೊಂಡಿರುವ ಒಟ್ಟು ಅಭಿವ್ಯಕ್ತಿ (ಉದಾ: aⁿ).,An expression that represents repeated multiplication of the same factor.,2 ರ 3 ನೇ ಘಾತವು 8 (2³ = 8).,2 to the power 3 equals 8 (2³ = 8).,'Power' gives rapid geometric growth.
2,ಘಾತಾಂಕಗಳ ಆಟ,Playing with Exponents and Powers,pp. 39-69,ಘಾತಾಂಕ,Exponent / Index,Ghaataanka,Exponents & Powers,Core / Essential,44,ಒಂದು ಆಧಾರ ಸಂಖ್ಯೆಯನ್ನು ಎಷ್ಟು ಬಾರಿ ಪುನರಾವರ್ತಿತವಾಗಿ ಗುಣಿಸಬೇಕು ಎಂದು ತೋರಿಸುವ ಸಂಖ್ಯೆ.,A quantity representing the power to which a given number or expression is to be raised.,10⁵ ರಲ್ಲಿ 5 ಘಾತಾಂಕವಾಗಿದೆ.,"In 10⁵, 5 is the exponent.","Exponent sits on top like a superscript hat, counting multiplications."
2,ಘಾತಾಂಕಗಳ ಆಟ,Playing with Exponents and Powers,pp. 39-69,ಘನ,Cube,Ghana,Arithmetic & Powers,Core / Essential,15,ಒಂದು ಸಂಖ್ಯೆಯನ್ನು ಮೂರು ಬಾರಿ ಅದೇ ಸಂಖ್ಯೆಯಿಂದ ಗುಣಿಸಿದಾಗ ಬರುವ ಗುಣಲಬ್ಧ.,"The product of a number multiplied by itself three times (e.g., n × n × n = n³).",4 ರ ಘನ 64 (4³ = 64).,The cube of 4 is 64 (4³ = 64).,Think of a 3D 'Cube' block: Volume = length × width × height.
2,ಘಾತಾಂಕಗಳ ಆಟ,Playing with Exponents and Powers,pp. 39-69,ವರ್ಗ,Square,Varga,Arithmetic & Powers,Core / Essential,12,ಒಂದು ಸಂಖ್ಯೆಯನ್ನು ಅದೇ ಸಂಖ್ಯೆಯಿಂದ ಗುಣಿಸಿದಾಗ ಬರುವ ಗುಣಲಬ್ಧ.,"The result obtained by multiplying a number by itself (e.g., n × n = n²).",5 ರ ವರ್ಗ 25 (5² = 25).,The square of 5 is 25 (5² = 25).,Think of a geometric 'Square' with equal sides: Area = side × side.
2,ಘಾತಾಂಕಗಳ ಆಟ,Playing with Exponents and Powers,pp. 39-69,ಪ್ರಮಾಣಿತ ರೂಪ,Standard Form / Scientific Notation,Pramaanitha Roopa,Scientific Notation,Core / Essential,9,ಅತಿ ದೊಡ್ಡ ಅಥವಾ ಅತಿ ಸಣ್ಣ ಸಂಖ್ಯೆಗಳನ್ನು m × 10ⁿ ರೂಪದಲ್ಲಿ ಬರೆಯುವ ವಿಧಾನ (1 ≤ m < 10).,A way of writing very large or very small numbers using powers of ten (m × 10ⁿ).,ಭೂಮಿಯ ದ್ರವ್ಯರಾಶಿ 5.97 × 10²⁴ kg ಪ್ರಮಾಣಿತ ರೂಪದಲ್ಲಿದೆ.,The mass of Earth in scientific notation is 5.97 × 10²⁴ kg.,Standard form keeps one non-zero digit before the decimal point.
2,ಘಾತಾಂಕಗಳ ಆಟ,Playing with Exponents and Powers,pp. 39-69,ಆಧಾರ ಸಂಖ್ಯೆ,Base (Base Number),Aadhaara Sankhye,Exponents & Powers,Core / Essential,2,ಘಾತಾಂಕದಲ್ಲಿ ಪುನರಾವರ್ತಿತವಾಗಿ ಗುಣಿಸಲ್ಪಡುವ ಮೂಲ ಸಂಖ್ಯೆ.,The number that is being repeatedly multiplied by itself in an exponential expression.,2⁴ ರಲ್ಲಿ 2 ಆಧಾರ ಸಂಖ್ಯೆ ಮತ್ತು 4 ಘಾತಾಂಕವಾಗಿದೆ.,"In 2⁴, 2 is the base and 4 is the exponent.",Base is the foundation on the bottom upon which exponents stand.
2,ಘಾತಾಂಕಗಳ ಆಟ,Playing with Exponents and Powers,pp. 39-69,ಘಾತಾಂಕಗಳ ನಿಯಮಗಳು,Laws of Exponents,Ghaataankagala Niyamagalu,Exponents & Powers,Core / Essential,0,ಘಾತಾಂಕಗಳ ಮೇಲಿನ ಲೆಕ್ಕಾಚಾರಗಳನ್ನು ಸರಳಗೊಳಿಸುವ ಗಣಿತದ ನಿಯಮಗಳು (ಉದಾ: aᵐ × aⁿ = aᵐ⁺ⁿ).,Mathematical rules that describe how to manipulate and simplify exponential expressions.,aᵐ × aⁿ = aᵐ⁺ⁿ ಮತ್ತು aᵐ / aⁿ = aᵐ⁻ⁿ.,aᵐ × aⁿ = aᵐ⁺ⁿ and aᵐ / aⁿ = aᵐ⁻ⁿ.,Multiply same bases -> Add exponents; Divide -> Subtract exponents.
2,ಘಾತಾಂಕಗಳ ಆಟ,Playing with Exponents and Powers,pp. 39-69,ಋಣ ಘಾತಾಂಕ,Negative Exponent,Runa Ghaataanka,Exponents & Powers,Core / Essential,0,"ಋಣಾತ್ಮಕ ಸಂಖ್ಯೆಯಾಗಿರುವ ಘಾತಾಂಕ, ಇದು ಗುಣಾಕಾರದ ವಿಲೋಮವನ್ನು (1/aⁿ) ಪ್ರತಿನಿಧಿಸುತ್ತದೆ.","An exponent with a negative sign, representing the reciprocal: a⁻ⁿ = 1/aⁿ.",10⁻² = 1 / 10² = 1 / 100 = 0.01.,10⁻² = 1 / 10² = 1 / 100 = 0.01.,Negative exponent flips the number upside down to the denominator!
2,ಘಾತಾಂಕಗಳ ಆಟ,Playing with Exponents and Powers,pp. 39-69,ಅಪವರ್ತನ,Factor / Divisor,Apavartana,Divisibility & Factors,Important,6,ಕೊಟ್ಟಿರುವ ಸಂಖ್ಯೆಯನ್ನು ಶೇಷವಿಲ್ಲದೆ (ನಿಶ್ಶೇಷವಾಗಿ) ಭಾಗಿಸುವ ಸಂಖ್ಯೆ.,A whole number that divides another number exactly without leaving a remainder.,"12 ರ ಅಪವರ್ತನಗಳು 1, 2, 3, 4, 6, 12.","The factors of 12 are 1, 2, 3, 4, 6, and 12.",Factors are whole parts that multiply to build the number.
2,ಘಾತಾಂಕಗಳ ಆಟ,Playing with Exponents and Powers,pp. 39-69,ಶೂನ್ಯ,Zero,Shoonya,Number Systems,Important,5,ಏನೂ ಇಲ್ಲದಿರುವುದನ್ನು ಅಥವಾ ಸ್ಥಾನ ಹಿಡುಕವನ್ನು (place holder) ಸೂಚಿಸುವ ಮಹತ್ವದ ಗಣಿತೀಯ ಸಂಕೇತ.,"The integer denoting nothingness or nullity, acting as a crucial place holder in positional systems.",ಭಾರತೀಯ ಗಣಿತಜ್ಞ ಬ್ರಹ್ಮಗುಪ್ತರು ಶೂನ್ಯದ ಗಣಿತೀಯ ನಿಯಮಗಳನ್ನು ನಿರೂಪಿಸಿದರು.,Indian mathematician Brahmagupta formulated the arithmetic rules of zero.,Zero is both a number and a place-holder placeholder.
2,ಘಾತಾಂಕಗಳ ಆಟ,Playing with Exponents and Powers,pp. 39-69,ವೃತ್ತ,Circle,Vritta,Geometry,Important,4,ಸ್ಥಿರ ಬಿಂದುವಿನಿಂದ (ಕೇಂದ್ರ) ಸಮಾನ ದೂರದಲ್ಲಿರುವ ಎಲ್ಲಾ ಸಮತಲ ಬಿಂದುಗಳ ಪಥ.,A round plane figure whose boundary consists of points equidistant from a fixed center.,ವೃತ್ತದ ಕೇಂದ್ರದಿಂದ ಪರಿಧಿಗೆ ಇರುವ ದೂರವೇ ತ್ರಿಜ್ಯ (r).,The distance from the center of a circle to its boundary is radius (r).,"Perfect round shape, 360° total angle."
3,ಸಂಖ್ಯೆಗಳ ಕಥೆ,The Story of Numbers,pp. 70-103,ಸಂಖ್ಯಾ ಪದ್ಧತಿ,Numeral System,Sankhyaa Paddhati,Number Systems,Core / Essential,59,ಸಂಖ್ಯೆಗಳನ್ನು ಸಂಕೇತಗಳ ಮೂಲಕ ಪ್ರತಿನಿಧಿಸುವ ಮತ್ತು ಎಣಿಕೆ ಮಾಡುವ ವ್ಯವಸ್ಥೆ.,A writing system for expressing numbers using consistent symbols and rules.,ದಶಮಾನ ಸಂಖ್ಯಾ ಪದ್ಧತಿಯಲ್ಲಿ 0 ರಿಂದ 9 ರವರೆಗಿನ ಅಂಕಿಗಳನ್ನು ಬಳಸುತ್ತೇವೆ.,"In the decimal numeral system, we use digits from 0 to 9.","Includes Roman, Babylonian, Egyptian, and Hindu-Arabic systems."
3,ಸಂಖ್ಯೆಗಳ ಕಥೆ,The Story of Numbers,pp. 70-103,ಆಧಾರ ಸಂಖ್ಯೆ,Base (Base Number),Aadhaara Sankhye,Exponents & Powers,Core / Essential,53,ಘಾತಾಂಕದಲ್ಲಿ ಪುನರಾವರ್ತಿತವಾಗಿ ಗುಣಿಸಲ್ಪಡುವ ಮೂಲ ಸಂಖ್ಯೆ.,The number that is being repeatedly multiplied by itself in an exponential expression.,2⁴ ರಲ್ಲಿ 2 ಆಧಾರ ಸಂಖ್ಯೆ ಮತ್ತು 4 ಘಾತಾಂಕವಾಗಿದೆ.,"In 2⁴, 2 is the base and 4 is the exponent.",Base is the foundation on the bottom upon which exponents stand.
3,ಸಂಖ್ಯೆಗಳ ಕಥೆ,The Story of Numbers,pp. 70-103,ಘಾತ,Power,Ghaata,Exponents & Powers,Core / Essential,23,ಆಧಾರ ಸಂಖ್ಯೆ ಮತ್ತು ಘಾತಾಂಕವನ್ನು ಒಳಗೊಂಡಿರುವ ಒಟ್ಟು ಅಭಿವ್ಯಕ್ತಿ (ಉದಾ: aⁿ).,An expression that represents repeated multiplication of the same factor.,2 ರ 3 ನೇ ಘಾತವು 8 (2³ = 8).,2 to the power 3 equals 8 (2³ = 8).,'Power' gives rapid geometric growth.
3,ಸಂಖ್ಯೆಗಳ ಕಥೆ,The Story of Numbers,pp. 70-103,ಸ್ಥಾನಬೆಲೆ,Place Value,Sthaanabele,Number Systems,Core / Essential,15,"ಒಂದು ಸಂಖ್ಯೆಯಲ್ಲಿ ಅಂಕಿಯು ಇರುವ ಸ್ಥಾನಕ್ಕೆ ಅನುಗುಣವಾಗಿ ಪಡೆಯುವ ಮೌಲ್ಯ (ಬಿಡಿ, ಹತ್ತು, ನೂರು...).",The numerical value that a digit has by virtue of its position in a number.,352 ರಲ್ಲಿ 5 ರ ಸ್ಥಾನಬೆಲೆ 50 (ಹತ್ತರ ಸ್ಥಾನ).,"In 352, the place value of 5 is 50 (tens place).",Position decides the power of ten each digit represents.
3,ಸಂಖ್ಯೆಗಳ ಕಥೆ,The Story of Numbers,pp. 70-103,ಶೂನ್ಯ,Zero,Shoonya,Number Systems,Core / Essential,10,ಏನೂ ಇಲ್ಲದಿರುವುದನ್ನು ಅಥವಾ ಸ್ಥಾನ ಹಿಡುಕವನ್ನು (place holder) ಸೂಚಿಸುವ ಮಹತ್ವದ ಗಣಿತೀಯ ಸಂಕೇತ.,"The integer denoting nothingness or nullity, acting as a crucial place holder in positional systems.",ಭಾರತೀಯ ಗಣಿತಜ್ಞ ಬ್ರಹ್ಮಗುಪ್ತರು ಶೂನ್ಯದ ಗಣಿತೀಯ ನಿಯಮಗಳನ್ನು ನಿರೂಪಿಸಿದರು.,Indian mathematician Brahmagupta formulated the arithmetic rules of zero.,Zero is both a number and a place-holder placeholder.
3,ಸಂಖ್ಯೆಗಳ ಕಥೆ,The Story of Numbers,pp. 70-103,ದಶಮಾನ ಪದ್ಧತಿ,Decimal System (Base 10),Dashamaana Paddhati,Number Systems,Core / Essential,2,10 ನ್ನು ಆಧಾರವಾಗಿಟ್ಟುಕೊಂಡು (0-9 ಅಂಕಿಗಳು) ಕಾರ್ಯನಿರ್ವಹಿಸುವ ಸಂಖ್ಯಾ ಪದ್ಧತಿ.,A base-10 positional numeral system utilizing ten distinct digits (0 to 9).,ನಾವು ಬಳಸುವ ಆಧುನಿಕ ಸಂಖ್ಯಾ ಪದ್ಧತಿಯು ದಶಮಾನ ಪದ್ಧತಿಯಾಗಿದೆ.,The modern numerical system we use daily is the decimal system.,"Deci- means 10, inspired by our 10 fingers."
3,ಸಂಖ್ಯೆಗಳ ಕಥೆ,The Story of Numbers,pp. 70-103,ಮಣಿಕಟ್ಟು / ಅಬಾಕಸ್,Abacus,Manikattu / Abacus,Calculation Tools,Core / Essential,1,ತಂತಿಗಳ ಮೇಲೆ ಮಣಿಗಳನ್ನು ಸರಿಸಿ ಲೆಕ್ಕಾಚಾರ ಮಾಡಲು ಬಳಸುತ್ತಿದ್ದ ಪ್ರಾಚೀನ ಎಣಿಕೆಯ ಸಾಧನ.,An ancient manual counting device consisting of beads moving on rods or grooves.,ಸ್ಥಾನಬೆಲೆಯ ಕಲ್ಪನೆಯನ್ನು ಅರಿಯಲು ಅಬಾಕಸ್ ಸಹಾಯಕವಾಗಿದೆ.,The abacus is helpful for understanding positional place values.,The world's earliest mechanical calculator.
3,ಸಂಖ್ಯೆಗಳ ಕಥೆ,The Story of Numbers,pp. 70-103,ಮುಖಬೆಲೆ,Face Value,Mukhabele,Number Systems,Core / Essential,0,"ಅಂಕಿಯ ಸ್ವಂತ ಮೌಲ್ಯ, ಅದು ಯಾವುದೇ ಸ್ಥಾನದಲ್ಲಿದ್ದರೂ ಬದಲಾಗುವುದಿಲ್ಲ.","The actual value of the digit itself, regardless of its position in the number.",748 ರಲ್ಲಿ 7 ರ ಮುಖಬೆಲೆ 7 ಆಗಿದೆ.,"In 748, the face value of 7 is simply 7.",Face value is what the digit looks like in mirror.
3,ಸಂಖ್ಯೆಗಳ ಕಥೆ,The Story of Numbers,pp. 70-103,ವರ್ಗ,Square,Varga,Arithmetic & Powers,Important,5,ಒಂದು ಸಂಖ್ಯೆಯನ್ನು ಅದೇ ಸಂಖ್ಯೆಯಿಂದ ಗುಣಿಸಿದಾಗ ಬರುವ ಗುಣಲಬ್ಧ.,"The result obtained by multiplying a number by itself (e.g., n × n = n²).",5 ರ ವರ್ಗ 25 (5² = 25).,The square of 5 is 25 (5² = 25).,Think of a geometric 'Square' with equal sides: Area = side × side.
4,ಚತುರ್ಭುಜಗಳು,Quadrilaterals,pp. 104-134,ಚತುರ್ಭುಜ,Quadrilateral,Chaturbhuja,Geometry,Core / Essential,208,ನಾಲ್ಕು ಸರಳ ರೇಖಾಖಂಡಗಳಿಂದ ಆವೃತವಾದ ಸಮತಲ ಆಕೃತಿ (ನಾಲ್ಕು ಬಾಹುಗಳು ಮತ್ತು ನಾಲ್ಕು ಕೋನಗಳು).,A four-sided polygon having four vertices and four angles.,ಚತುರ್ಭುಜದ ನಾಲ್ಕು ಒಳಕೋನಗಳ ಮೊತ್ತ 360° ಆಗಿದೆ.,The sum of the four interior angles of a quadrilateral is 360°.,"Quad = 4, Lateral = side."
4,ಚತುರ್ಭುಜಗಳು,Quadrilaterals,pp. 104-134,ಕರ್ಣ,Diagonal,Karna,Geometry,Core / Essential,128,ಬಹುಭುಜಾಕೃತಿಯ ಯಾವುದೇ ಎರಡು ಅನುಕ್ರಮವಲ್ಲದ (ಅಕ್ಕಪಕ್ಕದಲ್ಲದ) ಶೃಂಗಗಳನ್ನು ಜೋಡಿಸುವ ಸರಳರೇಖೆ.,A straight line segment joining two non-consecutive vertices of a polygon.,ಚತುರ್ಭುಜವು 2 ಕರ್ಣಗಳನ್ನು ಹೊಂದಿರುತ್ತದೆ.,A quadrilateral has 2 diagonals.,Cross line connecting opposite corners.
4,ಚತುರ್ಭುಜಗಳು,Quadrilaterals,pp. 104-134,ಆಯತ,Rectangle,Aayatha,Geometry,Core / Essential,88,ಎಲ್ಲಾ ಕೋನಗಳು 90° (ಲಂಬಕೋನ) ಮತ್ತು ಅಭಿಮುಖ ಬಾಹುಗಳು ಸಮನಾಗಿರುವ ಚತುರ್ಭುಜ.,An equiangular quadrilateral where all four angles are right angles (90°) and opposite sides are equal.,ಆಯತದ ಕರ್ಣಗಳು ಪರಸ್ಪರ ಸಮ ಮತ್ತು ಅರ್ಧಿಸುತ್ತವೆ.,The diagonals of a rectangle are equal and bisect each other.,"Opposite sides equal, 4 right angles."
4,ಚತುರ್ಭುಜಗಳು,Quadrilaterals,pp. 104-134,ವಿಕರ್ಣ / ಕರ್ಣ (ತ್ರಿಭುಜ),Hypotenuse,Vikarna / Karna,Geometry,Core / Essential,82,ಲಂಬಕೋನ ತ್ರಿಭುಜದಲ್ಲಿ ಲಂಬಕೋನಕ್ಕೆ (90°) ಅಭಿಮುಖವಾಗಿರುವ ಅತಿ ಉದ್ದದ ಬಾಹು.,"The longest side of a right-angled triangle, opposite the right angle.","ತ್ರಿಭುಜ ABC ಯಲ್ಲಿ ಕೋನ B = 90° ಆದರೆ, AC ಕರ್ಣವಾಗಿರುತ್ತದೆ.","In triangle ABC with angle B = 90°, AC is the hypotenuse.",Hypotenuse is always the longest side of a right triangle.
4,ಚತುರ್ಭುಜಗಳು,Quadrilaterals,pp. 104-134,ಚೌಕ / ಸಮಚತುರ್ಭುಜ,Square (Geometry),Chowka / Samachaturbhuja,Geometry,Core / Essential,63,"ನಾಲ್ಕೂ ಬಾಹುಗಳು ಸಮನಾಗಿದ್ದು, ಎಲ್ಲಾ ಕೋನಗಳು 90° ಆಗಿರುವ ಸಮ ನಿಯಮಿತ ಚತುರ್ಭುಜ.",A regular quadrilateral with four equal sides and four right angles (90°).,ಚೌಕದ ಕರ್ಣಗಳು ಲಂಬವಾಗಿ ಪರಸ್ಪರ ಅರ್ಧಿಸುತ್ತವೆ.,The diagonals of a square bisect each other at right angles (perpendicularly).,All 4 sides equal and all 4 angles 90°.
4,ಚತುರ್ಭುಜಗಳು,Quadrilaterals,pp. 104-134,ಸಮಾಂತರ ಚತುರ್ಭುಜ,Parallelogram,Samaantara Chaturbhuja,Geometry,Core / Essential,48,ಅಭಿಮುಖ ಬಾಹುಗಳೆರಡೂ ಪರಸ್ಪರ ಸಮಾಂತರವಾಗಿರುವ ಮತ್ತು ಸಮನಾಗಿರುವ ಚತುರ್ಭುಜ.,A quadrilateral with two pairs of parallel opposite sides.,ಸಮಾಂತರ ಚತುರ್ಭುಜದ ಅಭಿಮುಖ ಕೋನಗಳು ಸಮನಾಗಿರುತ್ತವೆ.,Opposite angles of a parallelogram are equal.,Opposite sides run parallel like railway tracks.
4,ಚತುರ್ಭುಜಗಳು,Quadrilaterals,pp. 104-134,ವಜ್ರಾಕೃತಿ / ರೋಂಬಸ್,Rhombus,Vajraakriti / Rhombus,Geometry,Core / Essential,41,"ನಾಲ್ಕೂ ಬಾಹುಗಳು ಸಮನಾಗಿರುವ, ಆದರೆ ಕೋನಗಳು ಲಂಬಕೋನವಾಗಿರಬೇಕಿಲ್ಲದ ಸಮಾಂತರ ಚತುರ್ಭುಜ.",A parallelogram with all four sides of equal length.,ವಜ್ರಾಕೃತಿಯ ಕರ್ಣಗಳು ಪರಸ್ಪರ ಲಂಬವಾಗಿ ಛೇದಿಸುತ್ತವೆ.,The diagonals of a rhombus bisect each other at right angles.,A slanted square (diamond shape) with equal sides.
4,ಚತುರ್ಭುಜಗಳು,Quadrilaterals,pp. 104-134,ತ್ರಾಪಿಜ್ಯ,Trapezium / Trapezoid,Traapijya,Geometry,Core / Essential,17,ಕೇವಲ ಒಂದು ಜೋಡಿ ಅಭಿಮುಖ ಬಾಹುಗಳು ಮಾತ್ರ ಸಮಾಂತರವಾಗಿರುವ ಚತುರ್ಭುಜ.,A quadrilateral with at least one pair of parallel opposite sides.,ತ್ರಾಪಿಜ್ಯದ ಸಮಾಂತರ ಬಾಹುಗಳ ನಡುವಿನ ಲಂಬದೂರವನ್ನು ಎತ್ತರ ಎನ್ನುತ್ತೇವೆ.,The perpendicular distance between parallel sides of a trapezium is its height.,Looks like a tabletop or truncated triangle.
4,ಚತುರ್ಭುಜಗಳು,Quadrilaterals,pp. 104-134,ಪತಂಗ,Kite,Patanga,Geometry,Core / Essential,13,ಎರಡು ಜೋಡಿ ಸಮಾನ ಉದ್ದದ ಪಾರ್ಶ್ವ ಬಾಹುಗಳನ್ನು ಹೊಂದಿರುವ ಚತುರ್ಭುಜ.,A quadrilateral with two distinct pairs of adjacent sides that are equal in length.,ಪತಂಗದ ಕರ್ಣಗಳು ಪರಸ್ಪರ ಲಂಬವಾಗಿರುತ್ತವೆ.,The diagonals of a kite intersect at right angles.,Shaped exactly like a flying kite!
4,ಚತುರ್ಭುಜಗಳು,Quadrilaterals,pp. 104-134,ವರ್ಗ,Square,Varga,Arithmetic & Powers,Important,4,ಒಂದು ಸಂಖ್ಯೆಯನ್ನು ಅದೇ ಸಂಖ್ಯೆಯಿಂದ ಗುಣಿಸಿದಾಗ ಬರುವ ಗುಣಲಬ್ಧ.,"The result obtained by multiplying a number by itself (e.g., n × n = n²).",5 ರ ವರ್ಗ 25 (5² = 25).,The square of 5 is 25 (5² = 25).,Think of a geometric 'Square' with equal sides: Area = side × side.
4,ಚತುರ್ಭುಜಗಳು,Quadrilaterals,pp. 104-134,ವೃತ್ತ,Circle,Vritta,Geometry,Important,4,ಸ್ಥಿರ ಬಿಂದುವಿನಿಂದ (ಕೇಂದ್ರ) ಸಮಾನ ದೂರದಲ್ಲಿರುವ ಎಲ್ಲಾ ಸಮತಲ ಬಿಂದುಗಳ ಪಥ.,A round plane figure whose boundary consists of points equidistant from a fixed center.,ವೃತ್ತದ ಕೇಂದ್ರದಿಂದ ಪರಿಧಿಗೆ ಇರುವ ದೂರವೇ ತ್ರಿಜ್ಯ (r).,The distance from the center of a circle to its boundary is radius (r).,"Perfect round shape, 360° total angle."
5,ಸಂಖ್ಯೆಗಳ ಆಟ,Playing with Numbers,pp. 135-160,ಅಪವರ್ತ್ಯ / ಗುಣಕ,Multiple,Apavartya / Gunaka,Divisibility & Factors,Core / Essential,150,ಒಂದು ಸಂಖ್ಯೆಯನ್ನು ಯಾವುದೇ ಪೂರ್ಣಾಂಕದಿಂದ ಗುಣಿಸಿದಾಗ ಬರುವ ಫಲಿತಾಂಶ.,The product of a given number multiplied by any integer.,"5 ರ ಅಪವರ್ತ್ಯಗಳು: 5, 10, 15, 20, 25...","Multiples of 5 are 5, 10, 15, 20, 25...",Multiples are what you get when counting by that number (times tables).
5,ಸಂಖ್ಯೆಗಳ ಆಟ,Playing with Numbers,pp. 135-160,ಬೀಜೋಕ್ತಿ,Algebraic Expression,Beejokti,Algebra,Core / Essential,53,"ಚರಾಕ್ಷರಗಳು, ಸ್ಥಿರಾಂಕಗಳು ಮತ್ತು ಮೂಲ ಗಣಿತ ಕ್ರಿಯೆಗಳನ್ನು (+, -, ×, ÷) ಒಳಗೊಂಡ ಅಭಿವ್ಯಕ್ತಿ.","A mathematical phrase that can contain numbers, variables, and operation symbols.",3x² + 5x - 7 ಒಂದು ಬೀಜೋಕ್ತಿಯಾಗಿದೆ.,3x² + 5x - 7 is an algebraic expression.,Does not contain an '=' equal sign.
5,ಸಂಖ್ಯೆಗಳ ಆಟ,Playing with Numbers,pp. 135-160,ಅಪವರ್ತನ,Factor / Divisor,Apavartana,Divisibility & Factors,Core / Essential,31,ಕೊಟ್ಟಿರುವ ಸಂಖ್ಯೆಯನ್ನು ಶೇಷವಿಲ್ಲದೆ (ನಿಶ್ಶೇಷವಾಗಿ) ಭಾಗಿಸುವ ಸಂಖ್ಯೆ.,A whole number that divides another number exactly without leaving a remainder.,"12 ರ ಅಪವರ್ತನಗಳು 1, 2, 3, 4, 6, 12.","The factors of 12 are 1, 2, 3, 4, 6, and 12.",Factors are whole parts that multiply to build the number.
5,ಸಂಖ್ಯೆಗಳ ಆಟ,Playing with Numbers,pp. 135-160,ಕ್ರಮಾನುಗತ ಸಂಖ್ಯೆಗಳು,Consecutive Numbers,Kramaanugata Sankhyegalu,Number Patterns,Core / Essential,21,"ಯಾವುದೇ ಅಂತರವಿಲ್ಲದೆ ಒಂದರ ನಂತರ ಒಂದರಂತೆ ಸತತವಾಗಿ ಬರುವ ಸಂಖ್ಯೆಗಳು (ಉದಾ: n, n+1, n+2...).","Numbers that follow each other in order, without gaps, from smallest to largest.","7, 8, 9 ಕ್ರಮಾನುಗತ ಸಂಖ್ಯೆಗಳಾಗಿವೆ.","7, 8, 9 are consecutive integers.",Consecutive = in continuous sequence (step by step).
5,ಸಂಖ್ಯೆಗಳ ಆಟ,Playing with Numbers,pp. 135-160,ಬೀಜಗಣಿತ,Algebra,Beejaganitha,Algebra,Core / Essential,18,"ಅಜ್ಞಾತ ಮೌಲ್ಯಗಳು, ಸಂಬಂಧಗಳು ಮತ್ತು ಸಮೀಕರಣಗಳನ್ನು ಪ್ರತಿನಿಧಿಸಲು ಅಕ್ಷರಗಳು ಮತ್ತು ಸಂಕೇತಗಳನ್ನು ಬಳಸುವ ಗಣಿತದ ಶಾಖೆ.",The branch of mathematics dealing with symbols and the rules for manipulating those symbols in formulas.,ಬೀಜಗಣಿತದಲ್ಲಿ x ಮತ್ತು y ಗಳನ್ನು ಅಜ್ಞಾತ ಚರಗಳಾಗಿ ಬಳಸುತ್ತೇವೆ.,"In algebra, letters like x and y represent unknown quantities.",Generalized arithmetic using letters for unknowns.
5,ಸಂಖ್ಯೆಗಳ ಆಟ,Playing with Numbers,pp. 135-160,ವಿಭಾಜ್ಯತಾ ನಿಯಮಗಳು,Divisibility Rules / Tests,Vibhaajyataa Niyamagalu,Divisibility & Factors,Core / Essential,0,ಭಾಗಾಕಾರ ಮಾಡದೆಯೇ ಒಂದು ಸಂಖ್ಯೆಯು ಇನ್ನೊಂದು ಸಂಖ್ಯೆಯಿಂದ ನಿಶ್ಶೇಷವಾಗಿ ಭಾಗವಾಗುತ್ತದೆಯೇ ಎಂದು ತಿಳಿಯುವ ಸೂತ್ರಗಳು.,Shorthand rules allowing determination of whether an integer is divisible by a fixed divisor without long division.,"ಸಂಖ್ಯೆಯ ಅಂಕಿಗಳ ಮೊತ್ತ 3 ರಿಂದ ಭಾಗವಾದರೆ, ಆ ಸಂಖ್ಯೆಯು 3 ರಿಂದ ಭಾಗವಾಗುತ್ತದೆ.","If the sum of digits of a number is divisible by 3, the number is divisible by 3.",Quick mathematical shortcuts to test division.
5,ಸಂಖ್ಯೆಗಳ ಆಟ,Playing with Numbers,pp. 135-160,ತ್ರಿಕೋನ ಸಂಖ್ಯೆಗಳು,Triangular Numbers,Trikoana Sankhyegalu,Number Patterns,Core / Essential,0,"ಬಿಂದುಗಳನ್ನು ಸಮಬಾಹು ತ್ರಿಕೋನದ ಆಕಾರದಲ್ಲಿ ಜೋಡಿಸಿದಾಗ ಸಿಗುವ ಸಂಖ್ಯೆಗಳು: 1, 3, 6, 10, 15...",Numbers that can be represented as an equilateral triangular grid of dots: T_n = n(n+1)/2.,4 ನೇ ತ್ರಿಕೋನ ಸಂಖ್ಯೆ = 1 + 2 + 3 + 4 = 10.,The 4th triangular number is 1 + 2 + 3 + 4 = 10.,Two consecutive triangular numbers always add up to a square number!
5,ಸಂಖ್ಯೆಗಳ ಆಟ,Playing with Numbers,pp. 135-160,ಸ್ಥಾನಬೆಲೆ,Place Value,Sthaanabele,Number Systems,Important,6,"ಒಂದು ಸಂಖ್ಯೆಯಲ್ಲಿ ಅಂಕಿಯು ಇರುವ ಸ್ಥಾನಕ್ಕೆ ಅನುಗುಣವಾಗಿ ಪಡೆಯುವ ಮೌಲ್ಯ (ಬಿಡಿ, ಹತ್ತು, ನೂರು...).",The numerical value that a digit has by virtue of its position in a number.,352 ರಲ್ಲಿ 5 ರ ಸ್ಥಾನಬೆಲೆ 50 (ಹತ್ತರ ಸ್ಥಾನ).,"In 352, the place value of 5 is 50 (tens place).",Position decides the power of ten each digit represents.
5,ಸಂಖ್ಯೆಗಳ ಆಟ,Playing with Numbers,pp. 135-160,ಶೂನ್ಯ,Zero,Shoonya,Number Systems,Important,6,ಏನೂ ಇಲ್ಲದಿರುವುದನ್ನು ಅಥವಾ ಸ್ಥಾನ ಹಿಡುಕವನ್ನು (place holder) ಸೂಚಿಸುವ ಮಹತ್ವದ ಗಣಿತೀಯ ಸಂಕೇತ.,"The integer denoting nothingness or nullity, acting as a crucial place holder in positional systems.",ಭಾರತೀಯ ಗಣಿತಜ್ಞ ಬ್ರಹ್ಮಗುಪ್ತರು ಶೂನ್ಯದ ಗಣಿತೀಯ ನಿಯಮಗಳನ್ನು ನಿರೂಪಿಸಿದರು.,Indian mathematician Brahmagupta formulated the arithmetic rules of zero.,Zero is both a number and a place-holder placeholder.
6,ನಾವು ವಿಭಜಿಸುತ್ತೇವೆ ಆದರೆ ಅವು ಗುಣಿಸಲ್ಪಡುತ್ತವೆ,"Factors, Multiples and Algebraic Expressions",pp. 161-184,ವಿಸ್ತೀರ್ಣ / ಕ್ಷೇತ್ರಫಲ,Area,Visteerna / Kshetraphala,Mensuration,Core / Essential,47,ಸಮತಲ ಆಕೃತಿಯು ಆವರಿಸಿರುವ ಒಟ್ಟು ಜಾಗ ಅಥವಾ ಮೇಲ್ಮೈಯ ಅಳತೆ (ಚದರ ಏಕಮಾನಗಳಲ್ಲಿ).,The measurement of the surface extent enclosed within a 2D boundary (expressed in square units).,ಆಯತದ ವಿಸ್ತೀರ್ಣ = ಉದ್ದ × ಅಗಲ (Area = l × b).,Area of rectangle = length × breadth (l × b).,Area = Number of 1x1 unit square tiles needed to cover a surface.
6,ನಾವು ವಿಭಜಿಸುತ್ತೇವೆ ಆದರೆ ಅವು ಗುಣಿಸಲ್ಪಡುತ್ತವೆ,"Factors, Multiples and Algebraic Expressions",pp. 161-184,ಬೀಜೋಕ್ತಿ,Algebraic Expression,Beejokti,Algebra,Core / Essential,44,"ಚರಾಕ್ಷರಗಳು, ಸ್ಥಿರಾಂಕಗಳು ಮತ್ತು ಮೂಲ ಗಣಿತ ಕ್ರಿಯೆಗಳನ್ನು (+, -, ×, ÷) ಒಳಗೊಂಡ ಅಭಿವ್ಯಕ್ತಿ.","A mathematical phrase that can contain numbers, variables, and operation symbols.",3x² + 5x - 7 ಒಂದು ಬೀಜೋಕ್ತಿಯಾಗಿದೆ.,3x² + 5x - 7 is an algebraic expression.,Does not contain an '=' equal sign.
6,ನಾವು ವಿಭಜಿಸುತ್ತೇವೆ ಆದರೆ ಅವು ಗುಣಿಸಲ್ಪಡುತ್ತವೆ,"Factors, Multiples and Algebraic Expressions",pp. 161-184,ರೇಖಾತ್ಮಕ ಸಮೀಕರಣ,Linear Equation in One Variable,Rekhaatmaka Sameekarana,Algebra,Core / Essential,39,ಚರಾಕ್ಷರದ ಗರಿಷ್ಠ ಘಾತ 1 ಆಗಿರುವ ಮತ್ತು '=' ಚಿಹ್ನೆಯನ್ನು ಹೊಂದಿರುವ ಗಣಿತ ಸಮಾನತೆಯ ಹೇಳಿಕೆ (ax + b = 0).,An algebraic equation where the highest exponent of the variable is 1 (ax + b = c).,"2x + 5 = 15 ಒಂದು ರೇಖಾತ್ಮಕ ಸಮೀಕರಣ, ಇದರ ಪರಿಹಾರ x = 5.",2x + 5 = 15 is a linear equation with solution x = 5.,Linear = Forms a straight line graph with power 1.
6,ನಾವು ವಿಭಜಿಸುತ್ತೇವೆ ಆದರೆ ಅವು ಗುಣಿಸಲ್ಪಡುತ್ತವೆ,"Factors, Multiples and Algebraic Expressions",pp. 161-184,ಚೌಕ / ಸಮಚತುರ್ಭುಜ,Square (Geometry),Chowka / Samachaturbhuja,Geometry,Core / Essential,23,"ನಾಲ್ಕೂ ಬಾಹುಗಳು ಸಮನಾಗಿದ್ದು, ಎಲ್ಲಾ ಕೋನಗಳು 90° ಆಗಿರುವ ಸಮ ನಿಯಮಿತ ಚತುರ್ಭುಜ.",A regular quadrilateral with four equal sides and four right angles (90°).,ಚೌಕದ ಕರ್ಣಗಳು ಲಂಬವಾಗಿ ಪರಸ್ಪರ ಅರ್ಧಿಸುತ್ತವೆ.,The diagonals of a square bisect each other at right angles (perpendicularly).,All 4 sides equal and all 4 angles 90°.
6,ನಾವು ವಿಭಜಿಸುತ್ತೇವೆ ಆದರೆ ಅವು ಗುಣಿಸಲ್ಪಡುತ್ತವೆ,"Factors, Multiples and Algebraic Expressions",pp. 161-184,ವರ್ಗ,Square,Varga,Arithmetic & Powers,Core / Essential,20,ಒಂದು ಸಂಖ್ಯೆಯನ್ನು ಅದೇ ಸಂಖ್ಯೆಯಿಂದ ಗುಣಿಸಿದಾಗ ಬರುವ ಗುಣಲಬ್ಧ.,"The result obtained by multiplying a number by itself (e.g., n × n = n²).",5 ರ ವರ್ಗ 25 (5² = 25).,The square of 5 is 25 (5² = 25).,Think of a geometric 'Square' with equal sides: Area = side × side.
6,ನಾವು ವಿಭಜಿಸುತ್ತೇವೆ ಆದರೆ ಅವು ಗುಣಿಸಲ್ಪಡುತ್ತವೆ,"Factors, Multiples and Algebraic Expressions",pp. 161-184,ವಿತರಣಾ ನಿಯಮ,Distributive Property / Law,Vitaranaa Niyama,Algebra,Core / Essential,15,ಗುಣಾಕಾರವನ್ನು ಸಂಕಲನದ ಮೇಲೆ ವಿಸ್ತರಿಸುವ ನಿಯಮ: a(b + c) = ab + ac.,The algebraic law stating that multiplying a sum by a number gives the same result as multiplying each addend separately: a(b + c) = ab + ac.,4(x + 3) = 4x + 12.,4(x + 3) = 4x + 12.,Distribute the outside multiplier to every term inside.
6,ನಾವು ವಿಭಜಿಸುತ್ತೇವೆ ಆದರೆ ಅವು ಗುಣಿಸಲ್ಪಡುತ್ತವೆ,"Factors, Multiples and Algebraic Expressions",pp. 161-184,ಬೀಜಗಣಿತ,Algebra,Beejaganitha,Algebra,Core / Essential,8,"ಅಜ್ಞಾತ ಮೌಲ್ಯಗಳು, ಸಂಬಂಧಗಳು ಮತ್ತು ಸಮೀಕರಣಗಳನ್ನು ಪ್ರತಿನಿಧಿಸಲು ಅಕ್ಷರಗಳು ಮತ್ತು ಸಂಕೇತಗಳನ್ನು ಬಳಸುವ ಗಣಿತದ ಶಾಖೆ.",The branch of mathematics dealing with symbols and the rules for manipulating those symbols in formulas.,ಬೀಜಗಣಿತದಲ್ಲಿ x ಮತ್ತು y ಗಳನ್ನು ಅಜ್ಞಾತ ಚರಗಳಾಗಿ ಬಳಸುತ್ತೇವೆ.,"In algebra, letters like x and y represent unknown quantities.",Generalized arithmetic using letters for unknowns.
6,ನಾವು ವಿಭಜಿಸುತ್ತೇವೆ ಆದರೆ ಅವು ಗುಣಿಸಲ್ಪಡುತ್ತವೆ,"Factors, Multiples and Algebraic Expressions",pp. 161-184,ಆಯತ,Rectangle,Aayatha,Geometry,Important,8,ಎಲ್ಲಾ ಕೋನಗಳು 90° (ಲಂಬಕೋನ) ಮತ್ತು ಅಭಿಮುಖ ಬಾಹುಗಳು ಸಮನಾಗಿರುವ ಚತುರ್ಭುಜ.,An equiangular quadrilateral where all four angles are right angles (90°) and opposite sides are equal.,ಆಯತದ ಕರ್ಣಗಳು ಪರಸ್ಪರ ಸಮ ಮತ್ತು ಅರ್ಧಿಸುತ್ತವೆ.,The diagonals of a rectangle are equal and bisect each other.,"Opposite sides equal, 4 right angles."
6,ನಾವು ವಿಭಜಿಸುತ್ತೇವೆ ಆದರೆ ಅವು ಗುಣಿಸಲ್ಪಡುತ್ತವೆ,"Factors, Multiples and Algebraic Expressions",pp. 161-184,ವೃತ್ತ,Circle,Vritta,Geometry,Important,5,ಸ್ಥಿರ ಬಿಂದುವಿನಿಂದ (ಕೇಂದ್ರ) ಸಮಾನ ದೂರದಲ್ಲಿರುವ ಎಲ್ಲಾ ಸಮತಲ ಬಿಂದುಗಳ ಪಥ.,A round plane figure whose boundary consists of points equidistant from a fixed center.,ವೃತ್ತದ ಕೇಂದ್ರದಿಂದ ಪರಿಧಿಗೆ ಇರುವ ದೂರವೇ ತ್ರಿಜ್ಯ (r).,The distance from the center of a circle to its boundary is radius (r).,"Perfect round shape, 360° total angle."
6,ನಾವು ವಿಭಜಿಸುತ್ತೇವೆ ಆದರೆ ಅವು ಗುಣಿಸಲ್ಪಡುತ್ತವೆ,"Factors, Multiples and Algebraic Expressions",pp. 161-184,ಕರ್ಣ,Diagonal,Karna,Geometry,Important,4,ಬಹುಭುಜಾಕೃತಿಯ ಯಾವುದೇ ಎರಡು ಅನುಕ್ರಮವಲ್ಲದ (ಅಕ್ಕಪಕ್ಕದಲ್ಲದ) ಶೃಂಗಗಳನ್ನು ಜೋಡಿಸುವ ಸರಳರೇಖೆ.,A straight line segment joining two non-consecutive vertices of a polygon.,ಚತುರ್ಭುಜವು 2 ಕರ್ಣಗಳನ್ನು ಹೊಂದಿರುತ್ತದೆ.,A quadrilateral has 2 diagonals.,Cross line connecting opposite corners.
6,ನಾವು ವಿಭಜಿಸುತ್ತೇವೆ ಆದರೆ ಅವು ಗುಣಿಸಲ್ಪಡುತ್ತವೆ,"Factors, Multiples and Algebraic Expressions",pp. 161-184,ಅಪವರ್ತ್ಯ / ಗುಣಕ,Multiple,Apavartya / Gunaka,Divisibility & Factors,Important,4,ಒಂದು ಸಂಖ್ಯೆಯನ್ನು ಯಾವುದೇ ಪೂರ್ಣಾಂಕದಿಂದ ಗುಣಿಸಿದಾಗ ಬರುವ ಫಲಿತಾಂಶ.,The product of a given number multiplied by any integer.,"5 ರ ಅಪವರ್ತ್ಯಗಳು: 5, 10, 15, 20, 25...","Multiples of 5 are 5, 10, 15, 20, 25...",Multiples are what you get when counting by that number (times tables).
6,ನಾವು ವಿಭಜಿಸುತ್ತೇವೆ ಆದರೆ ಅವು ಗುಣಿಸಲ್ಪಡುತ್ತವೆ,"Factors, Multiples and Algebraic Expressions",pp. 161-184,ವಿಕರ್ಣ / ಕರ್ಣ (ತ್ರಿಭುಜ),Hypotenuse,Vikarna / Karna,Geometry,Important,4,ಲಂಬಕೋನ ತ್ರಿಭುಜದಲ್ಲಿ ಲಂಬಕೋನಕ್ಕೆ (90°) ಅಭಿಮುಖವಾಗಿರುವ ಅತಿ ಉದ್ದದ ಬಾಹು.,"The longest side of a right-angled triangle, opposite the right angle.","ತ್ರಿಭುಜ ABC ಯಲ್ಲಿ ಕೋನ B = 90° ಆದರೆ, AC ಕರ್ಣವಾಗಿರುತ್ತದೆ.","In triangle ABC with angle B = 90°, AC is the hypotenuse.",Hypotenuse is always the longest side of a right triangle.
7,ಸಮಾನುಪಾತತೆಯ ತಾರ್ಕಿಕತೆ-1,Proportional Reasoning - 1,pp. 185-208,ಅನುಪಾತ,Ratio,Anupaatha,Ratios & Proportions,Core / Essential,200,ಒಂದೇ ಏಕಮಾನವುಳ್ಳ ಎರಡು ಪ್ರಮಾಣಗಳನ್ನು ಭಾಗಾಕಾರದ ಮೂಲಕ ಹೋಲಿಸುವುದು (a : b ಅಥವಾ a/b).,A quantitative relationship between two amounts showing how many times one value contains another (symbol a:b).,"ತರಗತಿಯಲ್ಲಿ 20 ಹುಡುಗರು ಮತ್ತು 30 ಹುಡುಗಿಯರಿದ್ದರೆ, ಅನುಪಾತ 20:30 = 2:3.","If there are 20 boys and 30 girls, the ratio is 20:30 = 2:3.",Ratio compares parts to parts or parts to whole.
7,ಸಮಾನುಪಾತತೆಯ ತಾರ್ಕಿಕತೆ-1,Proportional Reasoning - 1,pp. 185-208,ಸಮಾನುಪಾತ,Proportion,Samaanupaatha,Ratios & Proportions,Core / Essential,59,ಎರಡು ಅನುಪಾತಗಳು ಪರಸ್ಪರ ಸಮನಾಗಿರುವ ಸ್ಥಿತಿ (a:b = c:d ಅಥವಾ a:b :: c:d).,An equation stating that two given ratios are equal (a/b = c/d).,2:3 ಮತ್ತು 4:6 ಸಮಾನುಪಾತದಲ್ಲಿವೆ (2/3 = 4/6).,2:3 and 4:6 are in proportion (2/3 = 4/6).,Proportion = Equality of two ratios (ad = bc).
7,ಸಮಾನುಪಾತತೆಯ ತಾರ್ಕಿಕತೆ-1,Proportional Reasoning - 1,pp. 185-208,ಆಯತ,Rectangle,Aayatha,Geometry,Core / Essential,16,ಎಲ್ಲಾ ಕೋನಗಳು 90° (ಲಂಬಕೋನ) ಮತ್ತು ಅಭಿಮುಖ ಬಾಹುಗಳು ಸಮನಾಗಿರುವ ಚತುರ್ಭುಜ.,An equiangular quadrilateral where all four angles are right angles (90°) and opposite sides are equal.,ಆಯತದ ಕರ್ಣಗಳು ಪರಸ್ಪರ ಸಮ ಮತ್ತು ಅರ್ಧಿಸುತ್ತವೆ.,The diagonals of a rectangle are equal and bisect each other.,"Opposite sides equal, 4 right angles."
7,ಸಮಾನುಪಾತತೆಯ ತಾರ್ಕಿಕತೆ-1,Proportional Reasoning - 1,pp. 185-208,ವೇಗ,Speed,Vega,Physics & Proportions,Core / Essential,10,ವಸ್ತುವೊಂದು ಏಕಮಾನ ಕಾಲದಲ್ಲಿ ಕ್ರಮಿಸಿದ ದೂರ (ವೇಗ = ದೂರ / ಕಾಲ).,The rate at which an object covers distance: Speed = Distance / Time.,"ಕಾರು 2 ಗಂಟೆಗಳಲ್ಲಿ 120 km ಚಲಿಸಿದರೆ, ವೇಗ = 60 km/h.","If a car covers 120 km in 2 hours, speed = 60 km/h.",Speed = Distance ÷ Time (km/h or m/s).
7,ಸಮಾನುಪಾತತೆಯ ತಾರ್ಕಿಕತೆ-1,Proportional Reasoning - 1,pp. 185-208,ಏಕಮಾನ ಪದ್ಧತಿ,Unitary Method,Ekamana Paddhati,Ratios & Proportions,Core / Essential,0,"ಮೊದಲು ಒಂದು ಏಕಮಾನದ (ವಸ್ತುವಿನ) ಮೌಲ್ಯವನ್ನು ಕಂಡುಹಿಡಿದು, ನಂತರ ಅಗತ್ಯವಿರುವ ಸಂಖ್ಯೆಯ ಮೌಲ್ಯವನ್ನು ಕಂಡುಹಿಡಿಯುವ ವಿಧಾನ.","A mathematical technique of finding the value of a single unit first, then multiplying to find the required amount.","5 ಪೆನ್ನುಗಳ ಬೆಲೆ ₹50 ಆದರೆ, 1 ಪೆನ್ನಿನ ಬೆಲೆ ₹10, ಆದ್ದರಿಂದ 8 ಪೆನ್ನುಗಳ ಬೆಲೆ ₹80.","If 5 pens cost ₹50, 1 pen costs ₹10, so 8 pens cost ₹80.",Find the cost/value of 1 single unit first!
7,ಸಮಾನುಪಾತತೆಯ ತಾರ್ಕಿಕತೆ-1,Proportional Reasoning - 1,pp. 185-208,ಘನ,Cube,Ghana,Arithmetic & Powers,Important,7,ಒಂದು ಸಂಖ್ಯೆಯನ್ನು ಮೂರು ಬಾರಿ ಅದೇ ಸಂಖ್ಯೆಯಿಂದ ಗುಣಿಸಿದಾಗ ಬರುವ ಗುಣಲಬ್ಧ.,"The product of a number multiplied by itself three times (e.g., n × n × n = n³).",4 ರ ಘನ 64 (4³ = 64).,The cube of 4 is 64 (4³ = 64).,Think of a 3D 'Cube' block: Volume = length × width × height.
7,ಸಮಾನುಪಾತತೆಯ ತಾರ್ಕಿಕತೆ-1,Proportional Reasoning - 1,pp. 185-208,ಚೌಕ / ಸಮಚತುರ್ಭುಜ,Square (Geometry),Chowka / Samachaturbhuja,Geometry,Important,7,"ನಾಲ್ಕೂ ಬಾಹುಗಳು ಸಮನಾಗಿದ್ದು, ಎಲ್ಲಾ ಕೋನಗಳು 90° ಆಗಿರುವ ಸಮ ನಿಯಮಿತ ಚತುರ್ಭುಜ.",A regular quadrilateral with four equal sides and four right angles (90°).,ಚೌಕದ ಕರ್ಣಗಳು ಲಂಬವಾಗಿ ಪರಸ್ಪರ ಅರ್ಧಿಸುತ್ತವೆ.,The diagonals of a square bisect each other at right angles (perpendicularly).,All 4 sides equal and all 4 angles 90°.
7,ಸಮಾನುಪಾತತೆಯ ತಾರ್ಕಿಕತೆ-1,Proportional Reasoning - 1,pp. 185-208,ಲಾಭ,Profit / Gain,Laabha,Commercial Math,Important,6,ಮಾರಾಟದ ಬೆಲೆಯು ಕೊಂಡ ಬೆಲೆಗಿಂತ ಹೆಚ್ಚಾಗಿದ್ದಾಗ ಉಂಟಾಗುವ ಆರ್ಥಿಕ ಗಳಿಕೆ (ಲಾಭ = SP - CP).,Financial gain when selling price exceeds cost price (Profit = SP - CP).,ಲಾಭ = ₹600 - ₹500 = ₹100.,Profit = ₹600 - ₹500 = ₹100.,Profit = Extra money made on top of investment.
7,ಸಮಾನುಪಾತತೆಯ ತಾರ್ಕಿಕತೆ-1,Proportional Reasoning - 1,pp. 185-208,ವಿಸ್ತೀರ್ಣ / ಕ್ಷೇತ್ರಫಲ,Area,Visteerna / Kshetraphala,Mensuration,Important,5,ಸಮತಲ ಆಕೃತಿಯು ಆವರಿಸಿರುವ ಒಟ್ಟು ಜಾಗ ಅಥವಾ ಮೇಲ್ಮೈಯ ಅಳತೆ (ಚದರ ಏಕಮಾನಗಳಲ್ಲಿ).,The measurement of the surface extent enclosed within a 2D boundary (expressed in square units).,ಆಯತದ ವಿಸ್ತೀರ್ಣ = ಉದ್ದ × ಅಗಲ (Area = l × b).,Area of rectangle = length × breadth (l × b).,Area = Number of 1x1 unit square tiles needed to cover a surface.
8,ವೇಷಧಾರಿ ಭಿನ್ನರಾಶಿಗಳು,Fractions in Disguise (Percentages & Commercial Math),pp. 3-41,ಶೇಕಡಾ / ಶೇಕಡಾವಾರು,Percentage,Shekada / Shekadaavaaru,Commercial Math,Core / Essential,119,ಪ್ರತಿ ನೂರಕ್ಕೆ ಇರುವ ಪ್ರಮಾಣ ಅಥವಾ 100 ನ್ನು ಛೇದವಾಗಿ ಹೊಂದಿರುವ ಭಿನ್ನರಾಶಿ (% ಸಂಕೇತ).,"A rate, number, or amount in each hundred (represented by the symbol %).",45% ಎಂದರೆ 45 / 100 ಅಥವಾ 0.45.,45% means 45 out of 100 or 0.45.,Per-cent = Per Hundred (Centum = 100).
8,ವೇಷಧಾರಿ ಭಿನ್ನರಾಶಿಗಳು,Fractions in Disguise (Percentages & Commercial Math),pp. 3-41,ಲಾಭ,Profit / Gain,Laabha,Commercial Math,Core / Essential,50,ಮಾರಾಟದ ಬೆಲೆಯು ಕೊಂಡ ಬೆಲೆಗಿಂತ ಹೆಚ್ಚಾಗಿದ್ದಾಗ ಉಂಟಾಗುವ ಆರ್ಥಿಕ ಗಳಿಕೆ (ಲಾಭ = SP - CP).,Financial gain when selling price exceeds cost price (Profit = SP - CP).,ಲಾಭ = ₹600 - ₹500 = ₹100.,Profit = ₹600 - ₹500 = ₹100.,Profit = Extra money made on top of investment.
8,ವೇಷಧಾರಿ ಭಿನ್ನರಾಶಿಗಳು,Fractions in Disguise (Percentages & Commercial Math),pp. 3-41,ಸರಳ ಬಡ್ಡಿ,Simple Interest (SI),Sarala Baddi,Commercial Math,Core / Essential,47,ಕೇವಲ ಮೂಲ ಅಸಲಿನ ಮೇಲೆ ನಿರ್ದಿಷ್ಟ ಅವಧಿಗೆ ಲೆಕ್ಕ ಹಾಕಲಾಗುವ ಬಡ್ಡಿ: SI = (P × T × R) / 100.,Interest calculated solely on the principal amount: SI = (P × T × R) / 100.,"₹10,000 ಅಸಲಿಗೆ 2 ವರ್ಷಕ್ಕೆ 5% ದರದಲ್ಲಿ ಸರಳ ಬಡ್ಡಿ = ₹1,000.","Simple interest on ₹10,000 at 5% for 2 years = ₹1,000.",I = P × T × R / 100 (Interest = Principal × Time × Rate / 100).
8,ವೇಷಧಾರಿ ಭಿನ್ನರಾಶಿಗಳು,Fractions in Disguise (Percentages & Commercial Math),pp. 3-41,ರಿಯಾಯಿತಿ,Discount,Riyaayiti,Commercial Math,Core / Essential,28,ವಸ್ತುವಿನ ನಮೂದಿಸಿದ ಬೆಲೆಯ ಮೇಲೆ (Marked Price) ಗ್ರಾಹಕರಿಗೆ ನೀಡಲಾಗುವ ಬೆಲೆ ಕಡಿತ.,A reduction in the usual price / marked price of an item.,₹1000 ನಮೂದಿತ ಬೆಲೆಯ ಮೇಲಿನ 20% ರಿಯಾಯಿತಿ = ₹200 ಕಡಿತ.,20% discount on ₹1000 marked price = ₹200 reduction.,Discount lowers the price you pay from the tag price.
8,ವೇಷಧಾರಿ ಭಿನ್ನರಾಶಿಗಳು,Fractions in Disguise (Percentages & Commercial Math),pp. 3-41,ನಷ್ಟ,Loss,Nashta,Commercial Math,Core / Essential,26,ಮಾರಾಟದ ಬೆಲೆಯು ಕೊಂಡ ಬೆಲೆಗಿಂತ ಕಡಿಮೆಯಾದಾಗ ಉಂಟಾಗುವ ಆರ್ಥಿಕ ಕೊರತೆ (ನಷ್ಟ = CP - SP).,Financial deficit when cost price exceeds selling price (Loss = CP - SP).,"₹500 ರ ವಸ್ತುವನ್ನು ₹450 ಕ್ಕೆ ಮಾರಿದರೆ, ನಷ್ಟ = ₹50.","If an item bought for ₹500 is sold for ₹450, Loss = ₹50.",Loss occurs when you sell below cost.
8,ವೇಷಧಾರಿ ಭಿನ್ನರಾಶಿಗಳು,Fractions in Disguise (Percentages & Commercial Math),pp. 3-41,ಅಸಲು,Principal (Amount Borrowed/Lent),Asalu,Commercial Math,Core / Essential,22,ಸಾಲವಾಗಿ ಪಡೆದ ಅಥವಾ ಠೇವಣಿ ಇರಿಸಿದ ಮೂಲ ಹಣದ ಮೊತ್ತ (P).,The original sum of money borrowed or invested before interest.,"ಬ್ಯಾಂಕಿನಲ್ಲಿ ಠೇವಣಿ ಇಟ್ಟ ₹50,000 ಅಸಲು ಹಣವಾಗಿದೆ.","₹50,000 deposited in the bank is the principal amount.",Principal is the starting base investment.
8,ವೇಷಧಾರಿ ಭಿನ್ನರಾಶಿಗಳು,Fractions in Disguise (Percentages & Commercial Math),pp. 3-41,ಕೊಂಡ ಬೆಲೆ / ಖರೀದಿ ಬೆಲೆ,Cost Price (CP),Konda Bele / Khareedi Bele,Commercial Math,Core / Essential,15,ಒಂದು ವಸ್ತುವನ್ನು ಖರೀದಿಸಲು ಅಥವಾ ತಯಾರಿಸಲು ತಗುಲಿದ ಮೂಲ ವೆಚ್ಚ.,The total price at which an item is bought or produced (CP).,"ವ್ಯಾಪಾರಿಯು ಒಂದು ಬ್ಯಾಗ್ ಅನ್ನು ₹500 ಕ್ಕೆ ಖರೀದಿಸಿದರೆ, ಕೊಂಡ ಬೆಲೆ = ₹500.","If a merchant buys a bag for ₹500, the Cost Price is ₹500.",Cost = What it costs you to get the item.
8,ವೇಷಧಾರಿ ಭಿನ್ನರಾಶಿಗಳು,Fractions in Disguise (Percentages & Commercial Math),pp. 3-41,ಮಾರಾಟದ ಬೆಲೆ,Selling Price (SP),Maaraatada Bele,Commercial Math,Core / Essential,15,ಒಂದು ವಸ್ತುವನ್ನು ಗ್ರಾಹಕರಿಗೆ ಮಾರಾಟ ಮಾಡುವ ಬೆಲೆ.,The price at which a product is sold to a buyer (SP).,"ಬ್ಯಾಗ್ ಅನ್ನು ₹600 ಕ್ಕೆ ಮಾರಿದರೆ, ಮಾರಾಟದ ಬೆಲೆ = ₹600.","If the bag is sold for ₹600, the Selling Price is ₹600.",SP > CP means Profit; SP < CP means Loss.
8,ವೇಷಧಾರಿ ಭಿನ್ನರಾಶಿಗಳು,Fractions in Disguise (Percentages & Commercial Math),pp. 3-41,ಸಮಾನುಪಾತ,Proportion,Samaanupaatha,Ratios & Proportions,Core / Essential,10,ಎರಡು ಅನುಪಾತಗಳು ಪರಸ್ಪರ ಸಮನಾಗಿರುವ ಸ್ಥಿತಿ (a:b = c:d ಅಥವಾ a:b :: c:d).,An equation stating that two given ratios are equal (a/b = c/d).,2:3 ಮತ್ತು 4:6 ಸಮಾನುಪಾತದಲ್ಲಿವೆ (2/3 = 4/6).,2:3 and 4:6 are in proportion (2/3 = 4/6).,Proportion = Equality of two ratios (ad = bc).
8,ವೇಷಧಾರಿ ಭಿನ್ನರಾಶಿಗಳು,Fractions in Disguise (Percentages & Commercial Math),pp. 3-41,ಆಧಾರ ಸಂಖ್ಯೆ,Base (Base Number),Aadhaara Sankhye,Exponents & Powers,Important,7,ಘಾತಾಂಕದಲ್ಲಿ ಪುನರಾವರ್ತಿತವಾಗಿ ಗುಣಿಸಲ್ಪಡುವ ಮೂಲ ಸಂಖ್ಯೆ.,The number that is being repeatedly multiplied by itself in an exponential expression.,2⁴ ರಲ್ಲಿ 2 ಆಧಾರ ಸಂಖ್ಯೆ ಮತ್ತು 4 ಘಾತಾಂಕವಾಗಿದೆ.,"In 2⁴, 2 is the base and 4 is the exponent.",Base is the foundation on the bottom upon which exponents stand.
8,ವೇಷಧಾರಿ ಭಿನ್ನರಾಶಿಗಳು,Fractions in Disguise (Percentages & Commercial Math),pp. 3-41,ಅನುಪಾತ,Ratio,Anupaatha,Ratios & Proportions,Important,4,ಒಂದೇ ಏಕಮಾನವುಳ್ಳ ಎರಡು ಪ್ರಮಾಣಗಳನ್ನು ಭಾಗಾಕಾರದ ಮೂಲಕ ಹೋಲಿಸುವುದು (a : b ಅಥವಾ a/b).,A quantitative relationship between two amounts showing how many times one value contains another (symbol a:b).,"ತರಗತಿಯಲ್ಲಿ 20 ಹುಡುಗರು ಮತ್ತು 30 ಹುಡುಗಿಯರಿದ್ದರೆ, ಅನುಪಾತ 20:30 = 2:3.","If there are 20 boys and 30 girls, the ratio is 20:30 = 2:3.",Ratio compares parts to parts or parts to whole.
9,ಬೋಧಾಯನ ಪೈಥಾಗೊರಸ್ ಪ್ರಮೇಯ,Baudhayana-Pythagoras Theorem,pp. 42-66,ಚೌಕ / ಸಮಚತುರ್ಭುಜ,Square (Geometry),Chowka / Samachaturbhuja,Geometry,Core / Essential,123,"ನಾಲ್ಕೂ ಬಾಹುಗಳು ಸಮನಾಗಿದ್ದು, ಎಲ್ಲಾ ಕೋನಗಳು 90° ಆಗಿರುವ ಸಮ ನಿಯಮಿತ ಚತುರ್ಭುಜ.",A regular quadrilateral with four equal sides and four right angles (90°).,ಚೌಕದ ಕರ್ಣಗಳು ಲಂಬವಾಗಿ ಪರಸ್ಪರ ಅರ್ಧಿಸುತ್ತವೆ.,The diagonals of a square bisect each other at right angles (perpendicularly).,All 4 sides equal and all 4 angles 90°.
9,ಬೋಧಾಯನ ಪೈಥಾಗೊರಸ್ ಪ್ರಮೇಯ,Baudhayana-Pythagoras Theorem,pp. 42-66,ವಿಕರ್ಣ / ಕರ್ಣ (ತ್ರಿಭುಜ),Hypotenuse,Vikarna / Karna,Geometry,Core / Essential,98,ಲಂಬಕೋನ ತ್ರಿಭುಜದಲ್ಲಿ ಲಂಬಕೋನಕ್ಕೆ (90°) ಅಭಿಮುಖವಾಗಿರುವ ಅತಿ ಉದ್ದದ ಬಾಹು.,"The longest side of a right-angled triangle, opposite the right angle.","ತ್ರಿಭುಜ ABC ಯಲ್ಲಿ ಕೋನ B = 90° ಆದರೆ, AC ಕರ್ಣವಾಗಿರುತ್ತದೆ.","In triangle ABC with angle B = 90°, AC is the hypotenuse.",Hypotenuse is always the longest side of a right triangle.
9,ಬೋಧಾಯನ ಪೈಥಾಗೊರಸ್ ಪ್ರಮೇಯ,Baudhayana-Pythagoras Theorem,pp. 42-66,ಕರ್ಣ,Diagonal,Karna,Geometry,Core / Essential,67,ಬಹುಭುಜಾಕೃತಿಯ ಯಾವುದೇ ಎರಡು ಅನುಕ್ರಮವಲ್ಲದ (ಅಕ್ಕಪಕ್ಕದಲ್ಲದ) ಶೃಂಗಗಳನ್ನು ಜೋಡಿಸುವ ಸರಳರೇಖೆ.,A straight line segment joining two non-consecutive vertices of a polygon.,ಚತುರ್ಭುಜವು 2 ಕರ್ಣಗಳನ್ನು ಹೊಂದಿರುತ್ತದೆ.,A quadrilateral has 2 diagonals.,Cross line connecting opposite corners.
9,ಬೋಧಾಯನ ಪೈಥಾಗೊರಸ್ ಪ್ರಮೇಯ,Baudhayana-Pythagoras Theorem,pp. 42-66,ವಿಸ್ತೀರ್ಣ / ಕ್ಷೇತ್ರಫಲ,Area,Visteerna / Kshetraphala,Mensuration,Core / Essential,64,ಸಮತಲ ಆಕೃತಿಯು ಆವರಿಸಿರುವ ಒಟ್ಟು ಜಾಗ ಅಥವಾ ಮೇಲ್ಮೈಯ ಅಳತೆ (ಚದರ ಏಕಮಾನಗಳಲ್ಲಿ).,The measurement of the surface extent enclosed within a 2D boundary (expressed in square units).,ಆಯತದ ವಿಸ್ತೀರ್ಣ = ಉದ್ದ × ಅಗಲ (Area = l × b).,Area of rectangle = length × breadth (l × b).,Area = Number of 1x1 unit square tiles needed to cover a surface.
9,ಬೋಧಾಯನ ಪೈಥಾಗೊರಸ್ ಪ್ರಮೇಯ,Baudhayana-Pythagoras Theorem,pp. 42-66,ಪ್ರಮೇಯ,Theorem,Prameya,Geometry,Core / Essential,62,ಗಣಿತೀಯ ತಾರ್ಕಿಕತೆಯಿಂದ ಮತ್ತು ಹಿಂದಿನ ಸತ್ಯಗಳ ಆಧಾರದ ಮೇಲೆ ಸಾಬೀತುಪಡಿಸಬಹುದಾದ ಹೇಳಿಕೆ.,A mathematical statement that has been proven on the basis of previously established statements.,ಪೈಥಾಗೊರಸ್ ಪ್ರಮೇಯವು ಗಣಿತದ ಅತ್ಯಂತ ಪ್ರಸಿದ್ಧ ಪ್ರಮೇಯವಾಗಿದೆ.,Pythagoras theorem is a foundational geometric theorem.,Theorem = Logical mathematical truth with proof.
9,ಬೋಧಾಯನ ಪೈಥಾಗೊರಸ್ ಪ್ರಮೇಯ,Baudhayana-Pythagoras Theorem,pp. 42-66,ಬೋಧಾಯನ ಪೈಥಾಗೊರಸ್ ಪ್ರಮೇಯ,Baudhayana-Pythagoras Theorem,Baudhayana Pythagoras Prameya,Geometry,Core / Essential,58,"ಲಂಬಕೋನ ತ್ರಿಭುಜದಲ್ಲಿ, ಕರ್ಣದ ಮೇಲಿನ ಚೌಕದ ವಿಸ್ತೀರ್ಣವು ಉಳಿದೆರಡು ಬಾಹುಗಳ ಮೇಲಿನ ಚೌಕಗಳ ವಿಸ್ತೀರ್ಣಗಳ ಮೊತ್ತಕ್ಕೆ ಸಮ (c² = a² + b²).","In a right-angled triangle, the square of the hypotenuse equals the sum of squares of the other two sides: a² + b² = c².","ಪಾದ = 3 cm, ಲಂಬ = 4 cm ಆದರೆ ಕರ್ಣ = √(3² + 4²) = 5 cm.","If base = 3 cm, altitude = 4 cm, then hypotenuse = √(9 + 16) = 5 cm.",Indian sage Baudhayana documented this theorem in Sulba Sutras centuries before Pythagoras!
9,ಬೋಧಾಯನ ಪೈಥಾಗೊರಸ್ ಪ್ರಮೇಯ,Baudhayana-Pythagoras Theorem,pp. 42-66,ಪೈ (π),Pi (π ≈ 22/7 or 3.14159),Pi (Constant),Mathematical Constants,Core / Essential,36,ಯಾವುದೇ ವೃತ್ತದ ಪರಿಧಿ ಮತ್ತು ಅದರ ವ್ಯಾಸದ ನಡುವಿನ ಸ್ಥಿರ ಅನುಪಾತ (C / d = π ≈ 3.14159 ಅಥವಾ 22/7).,The mathematical constant representing the ratio of a circle's circumference to its diameter (π ≈ 3.14159).,ವೃತ್ತದ ಪರಿಧಿ C = 2πr ಮತ್ತು ವಿಸ್ತೀರ್ಣ A = πr².,Circumference C = 2πr and Area A = πr².,Pi is constant for every circle in the universe!
9,ಬೋಧಾಯನ ಪೈಥಾಗೊರಸ್ ಪ್ರಮೇಯ,Baudhayana-Pythagoras Theorem,pp. 42-66,ಲಂಬಕೋನ ತ್ರಿಭುಜ,Right-Angled Triangle,Lambakoana Tribhuja,Geometry,Core / Essential,32,ಒಂದು ಕೋನವು ನಿಖರವಾಗಿ 90° (ಲಂಬಕೋನ) ಆಗಿರುವ ತ್ರಿಭುಜ.,A triangle in which one angle is a right angle (exactly 90°).,ಲಂಬಕೋನ ತ್ರಿಭುಜದ ಲಂಬಕೋನಕ್ಕೆ ಅಭಿಮುಖವಾಗಿರುವ ಬಾಹುವೇ ಕರ್ಣ.,The side opposite to the right angle is the hypotenuse.,Contains a 90° corner like the corner of a book.
9,ಬೋಧಾಯನ ಪೈಥಾಗೊರಸ್ ಪ್ರಮೇಯ,Baudhayana-Pythagoras Theorem,pp. 42-66,ವರ್ಗ,Square,Varga,Arithmetic & Powers,Core / Essential,21,ಒಂದು ಸಂಖ್ಯೆಯನ್ನು ಅದೇ ಸಂಖ್ಯೆಯಿಂದ ಗುಣಿಸಿದಾಗ ಬರುವ ಗುಣಲಬ್ಧ.,"The result obtained by multiplying a number by itself (e.g., n × n = n²).",5 ರ ವರ್ಗ 25 (5² = 25).,The square of 5 is 25 (5² = 25).,Think of a geometric 'Square' with equal sides: Area = side × side.
9,ಬೋಧಾಯನ ಪೈಥಾಗೊರಸ್ ಪ್ರಮೇಯ,Baudhayana-Pythagoras Theorem,pp. 42-66,ಬೆಸ ಸಂಖ್ಯೆ,Odd Number,Besa Sankhye,Arithmetic,Core / Essential,12,"2 ರಿಂದ ನಿಶ್ಶೇಷವಾಗಿ ಭಾಗವಾಗದ ಪೂರ್ಣಾಂಕಗಳು (1, 3, 5, 7, 9...).",An integer that cannot be divided evenly by 2.,ಮೊದಲ n ಬೆಸ ಸಂಖ್ಯೆಗಳ ಮೊತ್ತ n² ಆಗಿರುತ್ತದೆ.,The sum of the first n odd numbers is always n².,"Odd numbers always end with 1, 3, 5, 7, or 9."
9,ಬೋಧಾಯನ ಪೈಥಾಗೊರಸ್ ಪ್ರಮೇಯ,Baudhayana-Pythagoras Theorem,pp. 42-66,ರೇಖಾತ್ಮಕ ಸಮೀಕರಣ,Linear Equation in One Variable,Rekhaatmaka Sameekarana,Algebra,Important,9,ಚರಾಕ್ಷರದ ಗರಿಷ್ಠ ಘಾತ 1 ಆಗಿರುವ ಮತ್ತು '=' ಚಿಹ್ನೆಯನ್ನು ಹೊಂದಿರುವ ಗಣಿತ ಸಮಾನತೆಯ ಹೇಳಿಕೆ (ax + b = 0).,An algebraic equation where the highest exponent of the variable is 1 (ax + b = c).,"2x + 5 = 15 ಒಂದು ರೇಖಾತ್ಮಕ ಸಮೀಕರಣ, ಇದರ ಪರಿಹಾರ x = 5.",2x + 5 = 15 is a linear equation with solution x = 5.,Linear = Forms a straight line graph with power 1.
9,ಬೋಧಾಯನ ಪೈಥಾಗೊರಸ್ ಪ್ರಮೇಯ,Baudhayana-Pythagoras Theorem,pp. 42-66,ಪರಿಪೂರ್ಣ ಘನ,Perfect Cube,Paripoorna Ghana,Arithmetic & Powers,Important,6,"ಒಂದು ಪೂರ್ಣಾಂಕದ ಘನವಾಗಿರುವ ಸಂಖ್ಯೆ (ಉದಾ: 1, 8, 27, 64, 125...).",An integer that is the cube of another integer.,27 ಒಂದು ಪರಿಪೂರ್ಣ ಘನ ಏಕೆಂದರೆ 3 × 3 × 3 = 27.,27 is a perfect cube because 3 × 3 × 3 = 27.,Cubes can be stacked into a solid 3D cubic block without leftovers.
9,ಬೋಧಾಯನ ಪೈಥಾಗೊರಸ್ ಪ್ರಮೇಯ,Baudhayana-Pythagoras Theorem,pp. 42-66,ಘಾತ,Power,Ghaata,Exponents & Powers,Important,6,ಆಧಾರ ಸಂಖ್ಯೆ ಮತ್ತು ಘಾತಾಂಕವನ್ನು ಒಳಗೊಂಡಿರುವ ಒಟ್ಟು ಅಭಿವ್ಯಕ್ತಿ (ಉದಾ: aⁿ).,An expression that represents repeated multiplication of the same factor.,2 ರ 3 ನೇ ಘಾತವು 8 (2³ = 8).,2 to the power 3 equals 8 (2³ = 8).,'Power' gives rapid geometric growth.
9,ಬೋಧಾಯನ ಪೈಥಾಗೊರಸ್ ಪ್ರಮೇಯ,Baudhayana-Pythagoras Theorem,pp. 42-66,ಆಯತ,Rectangle,Aayatha,Geometry,Important,6,ಎಲ್ಲಾ ಕೋನಗಳು 90° (ಲಂಬಕೋನ) ಮತ್ತು ಅಭಿಮುಖ ಬಾಹುಗಳು ಸಮನಾಗಿರುವ ಚತುರ್ಭುಜ.,An equiangular quadrilateral where all four angles are right angles (90°) and opposite sides are equal.,ಆಯತದ ಕರ್ಣಗಳು ಪರಸ್ಪರ ಸಮ ಮತ್ತು ಅರ್ಧಿಸುತ್ತವೆ.,The diagonals of a rectangle are equal and bisect each other.,"Opposite sides equal, 4 right angles."
9,ಬೋಧಾಯನ ಪೈಥಾಗೊರಸ್ ಪ್ರಮೇಯ,Baudhayana-Pythagoras Theorem,pp. 42-66,ಘನ,Cube,Ghana,Arithmetic & Powers,Important,5,ಒಂದು ಸಂಖ್ಯೆಯನ್ನು ಮೂರು ಬಾರಿ ಅದೇ ಸಂಖ್ಯೆಯಿಂದ ಗುಣಿಸಿದಾಗ ಬರುವ ಗುಣಲಬ್ಧ.,"The product of a number multiplied by itself three times (e.g., n × n × n = n³).",4 ರ ಘನ 64 (4³ = 64).,The cube of 4 is 64 (4³ = 64).,Think of a 3D 'Cube' block: Volume = length × width × height.
9,ಬೋಧಾಯನ ಪೈಥಾಗೊರಸ್ ಪ್ರಮೇಯ,Baudhayana-Pythagoras Theorem,pp. 42-66,ಸಮ ಸಂಖ್ಯೆ,Even Number,Sama Sankhye,Arithmetic,Important,4,"2 ರಿಂದ ನಿಶ್ಶೇಷವಾಗಿ ಭಾಗವಾಗುವ ಪೂರ್ಣಾಂಕಗಳು (0, 2, 4, 6, 8...).",An integer that is divisible by 2 without leaving a remainder.,ಸಮ ಸಂಖ್ಯೆಯ ವರ್ಗವು ಯಾವಾಗಲೂ ಸಮ ಸಂಖ್ಯೆಯಾಗಿರುತ್ತದೆ.,The square of an even number is always an even number.,Even numbers can be paired up equally.
9,ಬೋಧಾಯನ ಪೈಥಾಗೊರಸ್ ಪ್ರಮೇಯ,Baudhayana-Pythagoras Theorem,pp. 42-66,ವೃತ್ತ,Circle,Vritta,Geometry,Important,4,ಸ್ಥಿರ ಬಿಂದುವಿನಿಂದ (ಕೇಂದ್ರ) ಸಮಾನ ದೂರದಲ್ಲಿರುವ ಎಲ್ಲಾ ಸಮತಲ ಬಿಂದುಗಳ ಪಥ.,A round plane figure whose boundary consists of points equidistant from a fixed center.,ವೃತ್ತದ ಕೇಂದ್ರದಿಂದ ಪರಿಧಿಗೆ ಇರುವ ದೂರವೇ ತ್ರಿಜ್ಯ (r).,The distance from the center of a circle to its boundary is radius (r).,"Perfect round shape, 360° total angle."
10,ಸಮಾನುಪಾತತೆಯ ತಾರ್ಕಿಕತೆ-2,Proportional Reasoning - 2,pp. 67-84,ಅನುಪಾತ,Ratio,Anupaatha,Ratios & Proportions,Core / Essential,89,ಒಂದೇ ಏಕಮಾನವುಳ್ಳ ಎರಡು ಪ್ರಮಾಣಗಳನ್ನು ಭಾಗಾಕಾರದ ಮೂಲಕ ಹೋಲಿಸುವುದು (a : b ಅಥವಾ a/b).,A quantitative relationship between two amounts showing how many times one value contains another (symbol a:b).,"ತರಗತಿಯಲ್ಲಿ 20 ಹುಡುಗರು ಮತ್ತು 30 ಹುಡುಗಿಯರಿದ್ದರೆ, ಅನುಪಾತ 20:30 = 2:3.","If there are 20 boys and 30 girls, the ratio is 20:30 = 2:3.",Ratio compares parts to parts or parts to whole.
10,ಸಮಾನುಪಾತತೆಯ ತಾರ್ಕಿಕತೆ-2,Proportional Reasoning - 2,pp. 67-84,ಸಮಾನುಪಾತ,Proportion,Samaanupaatha,Ratios & Proportions,Core / Essential,70,ಎರಡು ಅನುಪಾತಗಳು ಪರಸ್ಪರ ಸಮನಾಗಿರುವ ಸ್ಥಿತಿ (a:b = c:d ಅಥವಾ a:b :: c:d).,An equation stating that two given ratios are equal (a/b = c/d).,2:3 ಮತ್ತು 4:6 ಸಮಾನುಪಾತದಲ್ಲಿವೆ (2/3 = 4/6).,2:3 and 4:6 are in proportion (2/3 = 4/6).,Proportion = Equality of two ratios (ad = bc).
10,ಸಮಾನುಪಾತತೆಯ ತಾರ್ಕಿಕತೆ-2,Proportional Reasoning - 2,pp. 67-84,ವೇಗ,Speed,Vega,Physics & Proportions,Core / Essential,24,ವಸ್ತುವೊಂದು ಏಕಮಾನ ಕಾಲದಲ್ಲಿ ಕ್ರಮಿಸಿದ ದೂರ (ವೇಗ = ದೂರ / ಕಾಲ).,The rate at which an object covers distance: Speed = Distance / Time.,"ಕಾರು 2 ಗಂಟೆಗಳಲ್ಲಿ 120 km ಚಲಿಸಿದರೆ, ವೇಗ = 60 km/h.","If a car covers 120 km in 2 hours, speed = 60 km/h.",Speed = Distance ÷ Time (km/h or m/s).
10,ಸಮಾನುಪಾತತೆಯ ತಾರ್ಕಿಕತೆ-2,Proportional Reasoning - 2,pp. 67-84,ಪೈ (π),Pi (π ≈ 22/7 or 3.14159),Pi (Constant),Mathematical Constants,Core / Essential,15,ಯಾವುದೇ ವೃತ್ತದ ಪರಿಧಿ ಮತ್ತು ಅದರ ವ್ಯಾಸದ ನಡುವಿನ ಸ್ಥಿರ ಅನುಪಾತ (C / d = π ≈ 3.14159 ಅಥವಾ 22/7).,The mathematical constant representing the ratio of a circle's circumference to its diameter (π ≈ 3.14159).,ವೃತ್ತದ ಪರಿಧಿ C = 2πr ಮತ್ತು ವಿಸ್ತೀರ್ಣ A = πr².,Circumference C = 2πr and Area A = πr².,Pi is constant for every circle in the universe!
10,ಸಮಾನುಪಾತತೆಯ ತಾರ್ಕಿಕತೆ-2,Proportional Reasoning - 2,pp. 67-84,ಚಕ್ರಬಡ್ಡಿ,Compound Interest (CI),Chakra Baddi,Commercial Math,Core / Essential,0,ಹಿಂದಿನ ಅವಧಿಯ ಬಡ್ಡಿಯನ್ನು ಅಸಲಿಗೆ ಸೇರಿಸಿ ಹೊಸ ಮೊತ್ತದ ಮೇಲೆ ಲೆಕ್ಕ ಹಾಕಲಾಗುವ ಬಡ್ಡಿ: A = P(1 + R/100)ⁿ.,Interest calculated on the initial principal and the accumulated interest of previous periods.,ಚಕ್ರಬಡ್ಡಿಯಲ್ಲಿ ಹಣವು ಘಾತೀಯವಾಗಿ ವೇಗವಾಗಿ ಬೆಳೆಯುತ್ತದೆ.,"In compound interest, money grows exponentially over time.",Interest on interest! Grows like compounding exponents.
10,ಸಮಾನುಪಾತತೆಯ ತಾರ್ಕಿಕತೆ-2,Proportional Reasoning - 2,pp. 67-84,ಆಧಾರ ಸಂಖ್ಯೆ,Base (Base Number),Aadhaara Sankhye,Exponents & Powers,Important,4,ಘಾತಾಂಕದಲ್ಲಿ ಪುನರಾವರ್ತಿತವಾಗಿ ಗುಣಿಸಲ್ಪಡುವ ಮೂಲ ಸಂಖ್ಯೆ.,The number that is being repeatedly multiplied by itself in an exponential expression.,2⁴ ರಲ್ಲಿ 2 ಆಧಾರ ಸಂಖ್ಯೆ ಮತ್ತು 4 ಘಾತಾಂಕವಾಗಿದೆ.,"In 2⁴, 2 is the base and 4 is the exponent.",Base is the foundation on the bottom upon which exponents stand.
10,ಸಮಾನುಪಾತತೆಯ ತಾರ್ಕಿಕತೆ-2,Proportional Reasoning - 2,pp. 67-84,ವೃತ್ತ,Circle,Vritta,Geometry,Important,4,ಸ್ಥಿರ ಬಿಂದುವಿನಿಂದ (ಕೇಂದ್ರ) ಸಮಾನ ದೂರದಲ್ಲಿರುವ ಎಲ್ಲಾ ಸಮತಲ ಬಿಂದುಗಳ ಪಥ.,A round plane figure whose boundary consists of points equidistant from a fixed center.,ವೃತ್ತದ ಕೇಂದ್ರದಿಂದ ಪರಿಧಿಗೆ ಇರುವ ದೂರವೇ ತ್ರಿಜ್ಯ (r).,The distance from the center of a circle to its boundary is radius (r).,"Perfect round shape, 360° total angle."
11,ಕೆಲವು ಜ್ಯಾಮಿತೀಯ ವಿಷಯಗಳನ್ನು ಅನ್ವೇಷಿಸುವುದು,Exploring Geometric Concepts & Fractals,pp. 85-121,ಘನ,Cube,Ghana,Arithmetic & Powers,Core / Essential,172,ಒಂದು ಸಂಖ್ಯೆಯನ್ನು ಮೂರು ಬಾರಿ ಅದೇ ಸಂಖ್ಯೆಯಿಂದ ಗುಣಿಸಿದಾಗ ಬರುವ ಗುಣಲಬ್ಧ.,"The product of a number multiplied by itself three times (e.g., n × n × n = n³).",4 ರ ಘನ 64 (4³ = 64).,The cube of 4 is 64 (4³ = 64).,Think of a 3D 'Cube' block: Volume = length × width × height.
11,ಕೆಲವು ಜ್ಯಾಮಿತೀಯ ವಿಷಯಗಳನ್ನು ಅನ್ವೇಷಿಸುವುದು,Exploring Geometric Concepts & Fractals,pp. 85-121,ಚೌಕ / ಸಮಚತುರ್ಭುಜ,Square (Geometry),Chowka / Samachaturbhuja,Geometry,Core / Essential,38,"ನಾಲ್ಕೂ ಬಾಹುಗಳು ಸಮನಾಗಿದ್ದು, ಎಲ್ಲಾ ಕೋನಗಳು 90° ಆಗಿರುವ ಸಮ ನಿಯಮಿತ ಚತುರ್ಭುಜ.",A regular quadrilateral with four equal sides and four right angles (90°).,ಚೌಕದ ಕರ್ಣಗಳು ಲಂಬವಾಗಿ ಪರಸ್ಪರ ಅರ್ಧಿಸುತ್ತವೆ.,The diagonals of a square bisect each other at right angles (perpendicularly).,All 4 sides equal and all 4 angles 90°.
11,ಕೆಲವು ಜ್ಯಾಮಿತೀಯ ವಿಷಯಗಳನ್ನು ಅನ್ವೇಷಿಸುವುದು,Exploring Geometric Concepts & Fractals,pp. 85-121,ಆಯತ,Rectangle,Aayatha,Geometry,Core / Essential,29,ಎಲ್ಲಾ ಕೋನಗಳು 90° (ಲಂಬಕೋನ) ಮತ್ತು ಅಭಿಮುಖ ಬಾಹುಗಳು ಸಮನಾಗಿರುವ ಚತುರ್ಭುಜ.,An equiangular quadrilateral where all four angles are right angles (90°) and opposite sides are equal.,ಆಯತದ ಕರ್ಣಗಳು ಪರಸ್ಪರ ಸಮ ಮತ್ತು ಅರ್ಧಿಸುತ್ತವೆ.,The diagonals of a rectangle are equal and bisect each other.,"Opposite sides equal, 4 right angles."
11,ಕೆಲವು ಜ್ಯಾಮಿತೀಯ ವಿಷಯಗಳನ್ನು ಅನ್ವೇಷಿಸುವುದು,Exploring Geometric Concepts & Fractals,pp. 85-121,ಫ್ರ್ಯಾಕ್ಟಲ್,Fractal,Fractal,Advanced Geometry,Core / Essential,25,ಪ್ರತಿಯೊಂದು ಸಣ್ಣ ಭಾಗವೂ ಇಡೀ ಆಕೃತಿಯಂತೆಯೇ ಕಾಣುವ ಸ್ವ-ಸಮರೂಪಿ ಅನಂತ ಜ್ಯಾಮಿತೀಯ ವಿನ್ಯಾಸ.,A complex geometric pattern that exhibits self-similarity across different scales.,ಕೋಚ್ ಹಿಮಹರಳು (Koch Snowflake) ಮತ್ತು ಫರ್ನ್ ಎಲೆಯು ಫ್ರ್ಯಾಕ್ಟಲ್‌ಗೆ ಉದಾಹರಣೆಗಳು.,The Koch snowflake and fern leaves are classic examples of fractals in nature.,"Zoom in infinitely, and the same pattern repeats!"
11,ಕೆಲವು ಜ್ಯಾಮಿತೀಯ ವಿಷಯಗಳನ್ನು ಅನ್ವೇಷಿಸುವುದು,Exploring Geometric Concepts & Fractals,pp. 85-121,ಚತುರ್ಭುಜ,Quadrilateral,Chaturbhuja,Geometry,Core / Essential,14,ನಾಲ್ಕು ಸರಳ ರೇಖಾಖಂಡಗಳಿಂದ ಆವೃತವಾದ ಸಮತಲ ಆಕೃತಿ (ನಾಲ್ಕು ಬಾಹುಗಳು ಮತ್ತು ನಾಲ್ಕು ಕೋನಗಳು).,A four-sided polygon having four vertices and four angles.,ಚತುರ್ಭುಜದ ನಾಲ್ಕು ಒಳಕೋನಗಳ ಮೊತ್ತ 360° ಆಗಿದೆ.,The sum of the four interior angles of a quadrilateral is 360°.,"Quad = 4, Lateral = side."
11,ಕೆಲವು ಜ್ಯಾಮಿತೀಯ ವಿಷಯಗಳನ್ನು ಅನ್ವೇಷಿಸುವುದು,Exploring Geometric Concepts & Fractals,pp. 85-121,ವೃತ್ತ,Circle,Vritta,Geometry,Core / Essential,9,ಸ್ಥಿರ ಬಿಂದುವಿನಿಂದ (ಕೇಂದ್ರ) ಸಮಾನ ದೂರದಲ್ಲಿರುವ ಎಲ್ಲಾ ಸಮತಲ ಬಿಂದುಗಳ ಪಥ.,A round plane figure whose boundary consists of points equidistant from a fixed center.,ವೃತ್ತದ ಕೇಂದ್ರದಿಂದ ಪರಿಧಿಗೆ ಇರುವ ದೂರವೇ ತ್ರಿಜ್ಯ (r).,The distance from the center of a circle to its boundary is radius (r).,"Perfect round shape, 360° total angle."
11,ಕೆಲವು ಜ್ಯಾಮಿತೀಯ ವಿಷಯಗಳನ್ನು ಅನ್ವೇಷಿಸುವುದು,Exploring Geometric Concepts & Fractals,pp. 85-121,ಸ್ವ-ಸಮರೂಪತೆ,Self-Similarity,Sva-Samaroopate,Advanced Geometry,Core / Essential,0,ಒಂದು ವಸ್ತುವಿನ ಯಾವುದೇ ಸಣ್ಣ ತುಣುಕು ಇಡೀ ವಸ್ತುವಿನಂತೆಯೇ ಒಂದೇ ಆಕಾರವನ್ನು ಹೊಂದಿರುವುದು.,Property where an object is exactly or approximately similar to a part of itself.,ಫ್ರ್ಯಾಕ್ಟಲ್‌ಗಳಲ್ಲಿ ಸ್ವ-ಸಮರೂಪತೆಯು ಮೂಲಭೂತ ಲಕ್ಷಣವಾಗಿದೆ.,Self-similarity is the core property behind fractal geometry.,A small branch looks just like the whole tree!
11,ಕೆಲವು ಜ್ಯಾಮಿತೀಯ ವಿಷಯಗಳನ್ನು ಅನ್ವೇಷಿಸುವುದು,Exploring Geometric Concepts & Fractals,pp. 85-121,ಸಂಮಿತಿ / ಸಮಪಾರ್ಶ್ವತೆ,Symmetry,Sammiti / Samapaarshwate,Geometry,Core / Essential,0,ಆಕೃತಿಯನ್ನು ಮಡಿಸಿದಾಗ ಅಥವಾ ತಿರುಗಿಸಿದಾಗ ಎರಡೂ ಭಾಗಗಳು ಒಂದರ ಮೇಲೊಂದು ಸಂಪೂರ್ಣವಾಗಿ ಹೊಂದಿಕೊಳ್ಳುವ ಸಮತೋಲನ.,Balanced proportion and beauty arising from equal parts facing each other across an axis.,ಚಿಟ್ಟೆಯ ರೆಕ್ಕೆಗಳು ರೇಖಾ ಸಂಮಿತಿಯನ್ನು ಹೊಂದಿವೆ.,A butterfly's wings exhibit bilateral reflectional symmetry.,Mirror reflection balance.
11,ಕೆಲವು ಜ್ಯಾಮಿತೀಯ ವಿಷಯಗಳನ್ನು ಅನ್ವೇಷಿಸುವುದು,Exploring Geometric Concepts & Fractals,pp. 85-121,ತ್ರಿಜ್ಯ,Radius,Trijya,Geometry,Core / Essential,0,ವೃತ್ತದ ಕೇಂದ್ರಬಿಂದುವಿನಿಂದ ವೃತ್ತದ ಯಾವುದೇ ಬಿಂದುವಿಗೆ ಇರುವ ಸರಳರೇಖಾ ದೂರ (r = d / 2).,A straight line segment from the center of a circle to its perimeter (r = d / 2).,ವ್ಯಾಸವು 14 cm ಆದರೆ ತ್ರಿಜ್ಯವು 7 cm.,"If the diameter is 14 cm, the radius is 7 cm.",Radius = Half of Diameter.
11,ಕೆಲವು ಜ್ಯಾಮಿತೀಯ ವಿಷಯಗಳನ್ನು ಅನ್ವೇಷಿಸುವುದು,Exploring Geometric Concepts & Fractals,pp. 85-121,ವ್ಯಾಸ,Diameter,Vyaasa,Geometry,Core / Essential,0,ವೃತ್ತದ ಕೇಂದ್ರಬಿಂದುವಿನ ಮೂಲಕ ಹಾದುಹೋಗುವ ಮತ್ತು ಪರಿಧಿಯ ಎರಡು ಬಿಂದುಗಳನ್ನು ಜೋಡಿಸುವ ಅತಿ ಉದ್ದದ ಜ್ಯಾ (d = 2r).,A straight line segment passing through the center of a circle touching both sides (d = 2r).,ವ್ಯಾಸವು ತ್ರಿಜ್ಯದ ಎರಡರಷ್ಟಿರುತ್ತದೆ (d = 2r).,The diameter is twice the length of the radius (d = 2r).,Diameter cuts the circle into two semicircles.
11,ಕೆಲವು ಜ್ಯಾಮಿತೀಯ ವಿಷಯಗಳನ್ನು ಅನ್ವೇಷಿಸುವುದು,Exploring Geometric Concepts & Fractals,pp. 85-121,ಆಧಾರ ಸಂಖ್ಯೆ,Base (Base Number),Aadhaara Sankhye,Exponents & Powers,Important,9,ಘಾತಾಂಕದಲ್ಲಿ ಪುನರಾವರ್ತಿತವಾಗಿ ಗುಣಿಸಲ್ಪಡುವ ಮೂಲ ಸಂಖ್ಯೆ.,The number that is being repeatedly multiplied by itself in an exponential expression.,2⁴ ರಲ್ಲಿ 2 ಆಧಾರ ಸಂಖ್ಯೆ ಮತ್ತು 4 ಘಾತಾಂಕವಾಗಿದೆ.,"In 2⁴, 2 is the base and 4 is the exponent.",Base is the foundation on the bottom upon which exponents stand.
11,ಕೆಲವು ಜ್ಯಾಮಿತೀಯ ವಿಷಯಗಳನ್ನು ಅನ್ವೇಷಿಸುವುದು,Exploring Geometric Concepts & Fractals,pp. 85-121,ಸಮಾಂತರ ಚತುರ್ಭುಜ,Parallelogram,Samaantara Chaturbhuja,Geometry,Important,8,ಅಭಿಮುಖ ಬಾಹುಗಳೆರಡೂ ಪರಸ್ಪರ ಸಮಾಂತರವಾಗಿರುವ ಮತ್ತು ಸಮನಾಗಿರುವ ಚತುರ್ಭುಜ.,A quadrilateral with two pairs of parallel opposite sides.,ಸಮಾಂತರ ಚತುರ್ಭುಜದ ಅಭಿಮುಖ ಕೋನಗಳು ಸಮನಾಗಿರುತ್ತವೆ.,Opposite angles of a parallelogram are equal.,Opposite sides run parallel like railway tracks.
12,ಚುಕ್ಕೆಗಳು ಮತ್ತು ರೇಖೆಗಳ ಮೂಲಕ ಕಥೆಗಳು,Stories through Dots and Lines (Coordinates & Statistics),pp. 122-157,ಸರಾಸರಿ,Mean / Average,Saraasari,Statistics,Core / Essential,202,ಎಲ್ಲಾ ದತ್ತಾಂಶಗಳ ಮೊತ್ತವನ್ನು ದತ್ತಾಂಶಗಳ ಒಟ್ಟು ಸಂಖ್ಯೆಯಿಂದ ಭಾಗಿಸಿದಾಗ ಬರುವ ಮೌಲ್ಯ.,The central value calculated by dividing sum of all values by total number of values.,"4, 6, 8 ರ ಸರಾಸರಿ = (4 + 6 + 8) / 3 = 18 / 3 = 6.","Mean of 4, 6, 8 = (4 + 6 + 8) / 3 = 6.",Mean = Sum of items ÷ Total count.
12,ಚುಕ್ಕೆಗಳು ಮತ್ತು ರೇಖೆಗಳ ಮೂಲಕ ಕಥೆಗಳು,Stories through Dots and Lines (Coordinates & Statistics),pp. 122-157,ಮಧ್ಯಾಂಕ,Median,Madhyaanka,Statistics,Core / Essential,49,ದತ್ತಾಂಶಗಳನ್ನು ಏರಿಕೆ ಅಥವಾ ಇಳಿಕೆ ಕ್ರಮದಲ್ಲಿ ಜೋಡಿಸಿದಾಗ ನಿಖರವಾಗಿ ಮಧ್ಯದಲ್ಲಿ ಬರುವ ಮೌಲ್ಯ.,The middle value in an ordered list of numbers.,"3, 7, 9, 12, 15 ರ ಮಧ್ಯಾಂಕ 9 ಆಗಿದೆ.","The median of 3, 7, 9, 12, 15 is 9.",Median is the middle lane on a highway.
12,ಚುಕ್ಕೆಗಳು ಮತ್ತು ರೇಖೆಗಳ ಮೂಲಕ ಕಥೆಗಳು,Stories through Dots and Lines (Coordinates & Statistics),pp. 122-157,ವೃತ್ತ,Circle,Vritta,Geometry,Core / Essential,21,ಸ್ಥಿರ ಬಿಂದುವಿನಿಂದ (ಕೇಂದ್ರ) ಸಮಾನ ದೂರದಲ್ಲಿರುವ ಎಲ್ಲಾ ಸಮತಲ ಬಿಂದುಗಳ ಪಥ.,A round plane figure whose boundary consists of points equidistant from a fixed center.,ವೃತ್ತದ ಕೇಂದ್ರದಿಂದ ಪರಿಧಿಗೆ ಇರುವ ದೂರವೇ ತ್ರಿಜ್ಯ (r).,The distance from the center of a circle to its boundary is radius (r).,"Perfect round shape, 360° total angle."
12,ಚುಕ್ಕೆಗಳು ಮತ್ತು ರೇಖೆಗಳ ಮೂಲಕ ಕಥೆಗಳು,Stories through Dots and Lines (Coordinates & Statistics),pp. 122-157,ನಿರ್ದೇಶಾಂಕಗಳು,"Coordinates (x, y)",Nirdeshaankagalu,Coordinate Geometry,Core / Essential,0,"ಸಮತಲದಲ್ಲಿ ಬಿಂದುವಿನ ನಿಖರವಾದ ಸ್ಥಾನವನ್ನು ಸೂಚಿಸುವ ಸಂಖ್ಯಾ ಜೋಡಿ (x, y).","A set of values that show an exact position on a graph grid (x, y).","(3, 4) ಬಿಂದುವಿನಲ್ಲಿ 3 ಎಂಬುದು x-ನಿರ್ದೇಶಾಂಕ ಮತ್ತು 4 ಎಂಬುದು y-ನಿರ್ದೇಶಾಂಕ.","In (3, 4), 3 is the x-coordinate (abscissa) and 4 is the y-coordinate (ordinate).","(x, y) = Run horizontally along x first, then jump vertically along y!"
12,ಚುಕ್ಕೆಗಳು ಮತ್ತು ರೇಖೆಗಳ ಮೂಲಕ ಕಥೆಗಳು,Stories through Dots and Lines (Coordinates & Statistics),pp. 122-157,ಮೂಲಬಿಂದು,"Origin (0, 0)",Moolabindu,Coordinate Geometry,Core / Essential,0,"X-ಅಕ್ಷ ಮತ್ತು Y-ಅಕ್ಷಗಳು ಪರಸ್ಪರ ಲಂಬವಾಗಿ ಛೇದಿಸುವ ಕೇಂದ್ರ ಬಿಂದು (0, 0).","The starting point of a coordinate system where X and Y axes intersect at (0, 0).","ಮೂಲಬಿಂದುವಿನ ನಿರ್ದೇಶಾಂಕಗಳು (0, 0).","The coordinates of the origin are (0, 0).","Origin is the (0,0) starting anchor on any graph."
12,ಚುಕ್ಕೆಗಳು ಮತ್ತು ರೇಖೆಗಳ ಮೂಲಕ ಕಥೆಗಳು,Stories through Dots and Lines (Coordinates & Statistics),pp. 122-157,ವ್ಯಾಸ,Diameter,Vyaasa,Geometry,Important,7,ವೃತ್ತದ ಕೇಂದ್ರಬಿಂದುವಿನ ಮೂಲಕ ಹಾದುಹೋಗುವ ಮತ್ತು ಪರಿಧಿಯ ಎರಡು ಬಿಂದುಗಳನ್ನು ಜೋಡಿಸುವ ಅತಿ ಉದ್ದದ ಜ್ಯಾ (d = 2r).,A straight line segment passing through the center of a circle touching both sides (d = 2r).,ವ್ಯಾಸವು ತ್ರಿಜ್ಯದ ಎರಡರಷ್ಟಿರುತ್ತದೆ (d = 2r).,The diameter is twice the length of the radius (d = 2r).,Diameter cuts the circle into two semicircles.
12,ಚುಕ್ಕೆಗಳು ಮತ್ತು ರೇಖೆಗಳ ಮೂಲಕ ಕಥೆಗಳು,Stories through Dots and Lines (Coordinates & Statistics),pp. 122-157,ಅಪವರ್ತ್ಯ / ಗುಣಕ,Multiple,Apavartya / Gunaka,Divisibility & Factors,Important,6,ಒಂದು ಸಂಖ್ಯೆಯನ್ನು ಯಾವುದೇ ಪೂರ್ಣಾಂಕದಿಂದ ಗುಣಿಸಿದಾಗ ಬರುವ ಫಲಿತಾಂಶ.,The product of a given number multiplied by any integer.,"5 ರ ಅಪವರ್ತ್ಯಗಳು: 5, 10, 15, 20, 25...","Multiples of 5 are 5, 10, 15, 20, 25...",Multiples are what you get when counting by that number (times tables).
12,ಚುಕ್ಕೆಗಳು ಮತ್ತು ರೇಖೆಗಳ ಮೂಲಕ ಕಥೆಗಳು,Stories through Dots and Lines (Coordinates & Statistics),pp. 122-157,ಬೀಜಗಣಿತ,Algebra,Beejaganitha,Algebra,Important,4,"ಅಜ್ಞಾತ ಮೌಲ್ಯಗಳು, ಸಂಬಂಧಗಳು ಮತ್ತು ಸಮೀಕರಣಗಳನ್ನು ಪ್ರತಿನಿಧಿಸಲು ಅಕ್ಷರಗಳು ಮತ್ತು ಸಂಕೇತಗಳನ್ನು ಬಳಸುವ ಗಣಿತದ ಶಾಖೆ.",The branch of mathematics dealing with symbols and the rules for manipulating those symbols in formulas.,ಬೀಜಗಣಿತದಲ್ಲಿ x ಮತ್ತು y ಗಳನ್ನು ಅಜ್ಞಾತ ಚರಗಳಾಗಿ ಬಳಸುತ್ತೇವೆ.,"In algebra, letters like x and y represent unknown quantities.",Generalized arithmetic using letters for unknowns.
13,ಬೀಜಗಣಿತ ಆಟ,Algebra Play (Linear Equations),pp. 158-172,ಬೀಜಗಣಿತ,Algebra,Beejaganitha,Algebra,Core / Essential,33,"ಅಜ್ಞಾತ ಮೌಲ್ಯಗಳು, ಸಂಬಂಧಗಳು ಮತ್ತು ಸಮೀಕರಣಗಳನ್ನು ಪ್ರತಿನಿಧಿಸಲು ಅಕ್ಷರಗಳು ಮತ್ತು ಸಂಕೇತಗಳನ್ನು ಬಳಸುವ ಗಣಿತದ ಶಾಖೆ.",The branch of mathematics dealing with symbols and the rules for manipulating those symbols in formulas.,ಬೀಜಗಣಿತದಲ್ಲಿ x ಮತ್ತು y ಗಳನ್ನು ಅಜ್ಞಾತ ಚರಗಳಾಗಿ ಬಳಸುತ್ತೇವೆ.,"In algebra, letters like x and y represent unknown quantities.",Generalized arithmetic using letters for unknowns.
13,ಬೀಜಗಣಿತ ಆಟ,Algebra Play (Linear Equations),pp. 158-172,ರೇಖಾತ್ಮಕ ಸಮೀಕರಣ,Linear Equation in One Variable,Rekhaatmaka Sameekarana,Algebra,Core / Essential,2,ಚರಾಕ್ಷರದ ಗರಿಷ್ಠ ಘಾತ 1 ಆಗಿರುವ ಮತ್ತು '=' ಚಿಹ್ನೆಯನ್ನು ಹೊಂದಿರುವ ಗಣಿತ ಸಮಾನತೆಯ ಹೇಳಿಕೆ (ax + b = 0).,An algebraic equation where the highest exponent of the variable is 1 (ax + b = c).,"2x + 5 = 15 ಒಂದು ರೇಖಾತ್ಮಕ ಸಮೀಕರಣ, ಇದರ ಪರಿಹಾರ x = 5.",2x + 5 = 15 is a linear equation with solution x = 5.,Linear = Forms a straight line graph with power 1.
13,ಬೀಜಗಣಿತ ಆಟ,Algebra Play (Linear Equations),pp. 158-172,ಪಕ್ಷಾಂತರ,Transposition,Pakshaantara,Algebra,Core / Essential,0,"ಸಮೀಕರಣದ ಒಂದು ಬದಿಯಲ್ಲಿರುವ ಪದವನ್ನು ಅದರ ಚಿಹ್ನೆಯನ್ನು ಬದಲಾಯಿಸಿ ಇನ್ನೊಂದು ಬದಿಗೆ ವರ್ಗಾಯಿಸುವ ಪ್ರಕ್ರಿಯೆ (+ ಇದ್ದರೆ -, × ಇದ್ದರೆ ÷).",Moving a term from one side of an equation to the other while inverting its operational sign.,x + 7 = 12 ನಲ್ಲಿ 7 ನ್ನು ಪಕ್ಷಾಂತರಿಸಿದಾಗ x = 12 - 7 = 5.,"In x + 7 = 12, transposing 7 gives x = 12 - 7 = 5.","Crossing '=' flips the operation (+ becomes -, × becomes ÷)."
13,ಬೀಜಗಣಿತ ಆಟ,Algebra Play (Linear Equations),pp. 158-172,ಬೀಜೋಕ್ತಿ,Algebraic Expression,Beejokti,Algebra,Important,8,"ಚರಾಕ್ಷರಗಳು, ಸ್ಥಿರಾಂಕಗಳು ಮತ್ತು ಮೂಲ ಗಣಿತ ಕ್ರಿಯೆಗಳನ್ನು (+, -, ×, ÷) ಒಳಗೊಂಡ ಅಭಿವ್ಯಕ್ತಿ.","A mathematical phrase that can contain numbers, variables, and operation symbols.",3x² + 5x - 7 ಒಂದು ಬೀಜೋಕ್ತಿಯಾಗಿದೆ.,3x² + 5x - 7 is an algebraic expression.,Does not contain an '=' equal sign.
13,ಬೀಜಗಣಿತ ಆಟ,Algebra Play (Linear Equations),pp. 158-172,ಅಪವರ್ತ್ಯ / ಗುಣಕ,Multiple,Apavartya / Gunaka,Divisibility & Factors,Important,5,ಒಂದು ಸಂಖ್ಯೆಯನ್ನು ಯಾವುದೇ ಪೂರ್ಣಾಂಕದಿಂದ ಗುಣಿಸಿದಾಗ ಬರುವ ಫಲಿತಾಂಶ.,The product of a given number multiplied by any integer.,"5 ರ ಅಪವರ್ತ್ಯಗಳು: 5, 10, 15, 20, 25...","Multiples of 5 are 5, 10, 15, 20, 25...",Multiples are what you get when counting by that number (times tables).
14,ವಿಸ್ತೀರ್ಣ,Mensuration & Area,pp. 173-208,ವಿಸ್ತೀರ್ಣ / ಕ್ಷೇತ್ರಫಲ,Area,Visteerna / Kshetraphala,Mensuration,Core / Essential,225,ಸಮತಲ ಆಕೃತಿಯು ಆವರಿಸಿರುವ ಒಟ್ಟು ಜಾಗ ಅಥವಾ ಮೇಲ್ಮೈಯ ಅಳತೆ (ಚದರ ಏಕಮಾನಗಳಲ್ಲಿ).,The measurement of the surface extent enclosed within a 2D boundary (expressed in square units).,ಆಯತದ ವಿಸ್ತೀರ್ಣ = ಉದ್ದ × ಅಗಲ (Area = l × b).,Area of rectangle = length × breadth (l × b).,Area = Number of 1x1 unit square tiles needed to cover a surface.
14,ವಿಸ್ತೀರ್ಣ,Mensuration & Area,pp. 173-208,ಆಯತ,Rectangle,Aayatha,Geometry,Core / Essential,76,ಎಲ್ಲಾ ಕೋನಗಳು 90° (ಲಂಬಕೋನ) ಮತ್ತು ಅಭಿಮುಖ ಬಾಹುಗಳು ಸಮನಾಗಿರುವ ಚತುರ್ಭುಜ.,An equiangular quadrilateral where all four angles are right angles (90°) and opposite sides are equal.,ಆಯತದ ಕರ್ಣಗಳು ಪರಸ್ಪರ ಸಮ ಮತ್ತು ಅರ್ಧಿಸುತ್ತವೆ.,The diagonals of a rectangle are equal and bisect each other.,"Opposite sides equal, 4 right angles."
14,ವಿಸ್ತೀರ್ಣ,Mensuration & Area,pp. 173-208,ಚತುರ್ಭುಜ,Quadrilateral,Chaturbhuja,Geometry,Core / Essential,54,ನಾಲ್ಕು ಸರಳ ರೇಖಾಖಂಡಗಳಿಂದ ಆವೃತವಾದ ಸಮತಲ ಆಕೃತಿ (ನಾಲ್ಕು ಬಾಹುಗಳು ಮತ್ತು ನಾಲ್ಕು ಕೋನಗಳು).,A four-sided polygon having four vertices and four angles.,ಚತುರ್ಭುಜದ ನಾಲ್ಕು ಒಳಕೋನಗಳ ಮೊತ್ತ 360° ಆಗಿದೆ.,The sum of the four interior angles of a quadrilateral is 360°.,"Quad = 4, Lateral = side."
14,ವಿಸ್ತೀರ್ಣ,Mensuration & Area,pp. 173-208,ತ್ರಾಪಿಜ್ಯ,Trapezium / Trapezoid,Traapijya,Geometry,Core / Essential,28,ಕೇವಲ ಒಂದು ಜೋಡಿ ಅಭಿಮುಖ ಬಾಹುಗಳು ಮಾತ್ರ ಸಮಾಂತರವಾಗಿರುವ ಚತುರ್ಭುಜ.,A quadrilateral with at least one pair of parallel opposite sides.,ತ್ರಾಪಿಜ್ಯದ ಸಮಾಂತರ ಬಾಹುಗಳ ನಡುವಿನ ಲಂಬದೂರವನ್ನು ಎತ್ತರ ಎನ್ನುತ್ತೇವೆ.,The perpendicular distance between parallel sides of a trapezium is its height.,Looks like a tabletop or truncated triangle.
14,ವಿಸ್ತೀರ್ಣ,Mensuration & Area,pp. 173-208,ಸಮಾಂತರ ಚತುರ್ಭುಜ,Parallelogram,Samaantara Chaturbhuja,Geometry,Core / Essential,27,ಅಭಿಮುಖ ಬಾಹುಗಳೆರಡೂ ಪರಸ್ಪರ ಸಮಾಂತರವಾಗಿರುವ ಮತ್ತು ಸಮನಾಗಿರುವ ಚತುರ್ಭುಜ.,A quadrilateral with two pairs of parallel opposite sides.,ಸಮಾಂತರ ಚತುರ್ಭುಜದ ಅಭಿಮುಖ ಕೋನಗಳು ಸಮನಾಗಿರುತ್ತವೆ.,Opposite angles of a parallelogram are equal.,Opposite sides run parallel like railway tracks.
14,ವಿಸ್ತೀರ್ಣ,Mensuration & Area,pp. 173-208,ಚೌಕ / ಸಮಚತುರ್ಭುಜ,Square (Geometry),Chowka / Samachaturbhuja,Geometry,Core / Essential,20,"ನಾಲ್ಕೂ ಬಾಹುಗಳು ಸಮನಾಗಿದ್ದು, ಎಲ್ಲಾ ಕೋನಗಳು 90° ಆಗಿರುವ ಸಮ ನಿಯಮಿತ ಚತುರ್ಭುಜ.",A regular quadrilateral with four equal sides and four right angles (90°).,ಚೌಕದ ಕರ್ಣಗಳು ಲಂಬವಾಗಿ ಪರಸ್ಪರ ಅರ್ಧಿಸುತ್ತವೆ.,The diagonals of a square bisect each other at right angles (perpendicularly).,All 4 sides equal and all 4 angles 90°.
14,ವಿಸ್ತೀರ್ಣ,Mensuration & Area,pp. 173-208,ಸುತ್ತಳತೆ / ಪರಿಧಿ,Perimeter / Circumference,Suttalate / Paridhi,Mensuration,Core / Essential,19,ಸಮತಲ ಆಕೃತಿಯ ಎಲ್ಲಾ ಗಡಿ ಬಾಹುಗಳ ಒಟ್ಟು ಉದ್ದದ ಮೊತ್ತ.,The total continuous path or boundary length surrounding a 2D shape.,ಚೌಕದ ಸುತ್ತಳತೆ = 4 × ಬಾಹುವಿನ ಉದ್ದ (Perimeter = 4a).,Perimeter of square = 4 × side length (4a).,Perimeter = Walking all the way around the outer fence.
14,ವಿಸ್ತೀರ್ಣ,Mensuration & Area,pp. 173-208,ವಜ್ರಾಕೃತಿ / ರೋಂಬಸ್,Rhombus,Vajraakriti / Rhombus,Geometry,Core / Essential,16,"ನಾಲ್ಕೂ ಬಾಹುಗಳು ಸಮನಾಗಿರುವ, ಆದರೆ ಕೋನಗಳು ಲಂಬಕೋನವಾಗಿರಬೇಕಿಲ್ಲದ ಸಮಾಂತರ ಚತುರ್ಭುಜ.",A parallelogram with all four sides of equal length.,ವಜ್ರಾಕೃತಿಯ ಕರ್ಣಗಳು ಪರಸ್ಪರ ಲಂಬವಾಗಿ ಛೇದಿಸುತ್ತವೆ.,The diagonals of a rhombus bisect each other at right angles.,A slanted square (diamond shape) with equal sides.
14,ವಿಸ್ತೀರ್ಣ,Mensuration & Area,pp. 173-208,ಕರ್ಣ,Diagonal,Karna,Geometry,Core / Essential,16,ಬಹುಭುಜಾಕೃತಿಯ ಯಾವುದೇ ಎರಡು ಅನುಕ್ರಮವಲ್ಲದ (ಅಕ್ಕಪಕ್ಕದಲ್ಲದ) ಶೃಂಗಗಳನ್ನು ಜೋಡಿಸುವ ಸರಳರೇಖೆ.,A straight line segment joining two non-consecutive vertices of a polygon.,ಚತುರ್ಭುಜವು 2 ಕರ್ಣಗಳನ್ನು ಹೊಂದಿರುತ್ತದೆ.,A quadrilateral has 2 diagonals.,Cross line connecting opposite corners.
14,ವಿಸ್ತೀರ್ಣ,Mensuration & Area,pp. 173-208,ವಿಕರ್ಣ / ಕರ್ಣ (ತ್ರಿಭುಜ),Hypotenuse,Vikarna / Karna,Geometry,Core / Essential,11,ಲಂಬಕೋನ ತ್ರಿಭುಜದಲ್ಲಿ ಲಂಬಕೋನಕ್ಕೆ (90°) ಅಭಿಮುಖವಾಗಿರುವ ಅತಿ ಉದ್ದದ ಬಾಹು.,"The longest side of a right-angled triangle, opposite the right angle.","ತ್ರಿಭುಜ ABC ಯಲ್ಲಿ ಕೋನ B = 90° ಆದರೆ, AC ಕರ್ಣವಾಗಿರುತ್ತದೆ.","In triangle ABC with angle B = 90°, AC is the hypotenuse.",Hypotenuse is always the longest side of a right triangle.
14,ವಿಸ್ತೀರ್ಣ,Mensuration & Area,pp. 173-208,ತ್ರಾಪಿಜ್ಯದ ವಿಸ್ತೀರ್ಣ,Area of Trapezium,Traapijyada Visteerna,Mensuration,Core / Essential,7,ಸಮಾಂತರ ಬಾಹುಗಳ ಮೊತ್ತದ ಅರ್ಧದಷ್ಟನ್ನು ಅವುಗಳ ನಡುವಿನ ಲಂಬದೂರದಿಂದ (ಎತ್ತರ) ಗುಣಿಸಿದಾಗ ಸಿಗುವ ವಿಸ್ತೀರ್ಣ: A = ½(a + b)h.,Half the sum of parallel sides multiplied by perpendicular height: Area = ½(a + b)h.,"ಸಮಾಂತರ ಬಾಹುಗಳು 6 cm ಮತ್ತು 10 cm, ಎತ್ತರ 4 cm ಆದರೆ ವಿಸ್ತೀರ್ಣ = ½(6 + 10) × 4 = 32 cm².","Area of trapezium with sides 6 cm, 10 cm, and height 4 cm = ½(16) × 4 = 32 cm².",Average of parallel sides × height!
14,ವಿಸ್ತೀರ್ಣ,Mensuration & Area,pp. 173-208,ಪೈ (π),Pi (π ≈ 22/7 or 3.14159),Pi (Constant),Mathematical Constants,Core / Essential,0,ಯಾವುದೇ ವೃತ್ತದ ಪರಿಧಿ ಮತ್ತು ಅದರ ವ್ಯಾಸದ ನಡುವಿನ ಸ್ಥಿರ ಅನುಪಾತ (C / d = π ≈ 3.14159 ಅಥವಾ 22/7).,The mathematical constant representing the ratio of a circle's circumference to its diameter (π ≈ 3.14159).,ವೃತ್ತದ ಪರಿಧಿ C = 2πr ಮತ್ತು ವಿಸ್ತೀರ್ಣ A = πr².,Circumference C = 2πr and Area A = πr².,Pi is constant for every circle in the universe!
14,ವಿಸ್ತೀರ್ಣ,Mensuration & Area,pp. 173-208,ಬೀಜೋಕ್ತಿ,Algebraic Expression,Beejokti,Algebra,Important,4,"ಚರಾಕ್ಷರಗಳು, ಸ್ಥಿರಾಂಕಗಳು ಮತ್ತು ಮೂಲ ಗಣಿತ ಕ್ರಿಯೆಗಳನ್ನು (+, -, ×, ÷) ಒಳಗೊಂಡ ಅಭಿವ್ಯಕ್ತಿ.","A mathematical phrase that can contain numbers, variables, and operation symbols.",3x² + 5x - 7 ಒಂದು ಬೀಜೋಕ್ತಿಯಾಗಿದೆ.,3x² + 5x - 7 is an algebraic expression.,Does not contain an '=' equal sign.
